geometry,edit,control,delta,rho,seed,status,regime,support_norm,frac_within,decay_length,residual_fraction,floored_fraction,converged,n_iters,energy_final,pin_path,error_msg
bar,static_far,mask,-0.04,0.25,0,ok,contained,0.21950792733858038,0.5676072022003437,1.5618307459280367,0.4708438030145725,0.0,True,89,0.012648112725547568,,
bar,static_far,mask,-0.04,0.25,1,ok,contained,0.21846702404490662,0.5660753844475648,1.5455281532916394,0.486755705144867,0.0,True,84,0.016315393514956922,,
bar,static_far,mask,-0.04,0.25,2,ok,contained,0.21943513725627276,0.5662698426840578,1.6180444376623075,0.4666195037555422,0.0,False,100,0.012650286463629933,,
bar,static_far,mask,-0.02,0.25,0,ok,contained,0.2194994109040181,0.5681514222414863,1.5772970041641656,0.4717757641913559,0.0,True,75,0.011908026600648155,,
bar,static_far,mask,-0.02,0.25,1,ok,contained,0.21855370469508295,0.5663654213614503,1.5648445932850308,0.48891839752127064,0.0,True,84,0.015494089716875981,,
bar,static_far,mask,-0.02,0.25,2,ok,contained,0.21950099080002727,0.5667883400218113,1.632419947991223,0.4683754684143506,0.0,False,100,0.01200904209466458,,
bar,static_far,mask,0.0,0.25,0,ok,contained,0.21942024914371336,0.5689449607555308,1.5843492341710574,0.47202928405895866,0.0,True,79,0.011257912765023904,,
bar,static_far,mask,0.0,0.25,1,ok,contained,0.21852956764324938,0.5670196036922931,1.570467798911324,0.48999311388553746,0.0,True,74,0.014811062075501983,,
bar,static_far,mask,0.0,0.25,2,ok,contained,0.2194248554487957,0.5679390408345243,1.6397225823801609,0.46930982003882155,0.0,True,97,0.011300607422716054,,
bar,static_far,mask,0.02,0.25,0,ok,contained,0.21914266574821104,0.5702053798895221,1.580591630573568,0.47016576274231925,0.0,True,78,0.010520887798220559,,
bar,static_far,mask,0.02,0.25,1,ok,contained,0.21813161447925872,0.5685113200019051,1.5613719047329007,0.48685035861719955,0.0,True,62,0.013933350857292852,,
bar,static_far,mask,0.02,0.25,2,ok,contained,0.2190423219583923,0.5700675534029706,1.6368703876991537,0.46753356699376336,0.0,True,90,0.010356981043686687,,
bar,static_far,mask,0.04,0.25,0,ok,contained,0.21855960549006923,0.572363830316296,1.5708051738117224,0.46464319250393293,0.0,True,66,0.00957643919101153,,
bar,static_far,mask,0.04,0.25,1,ok,contained,0.2170892926172879,0.5716119065028844,1.5374595698128435,0.47623807557942943,0.0,True,50,0.012452567733042765,,
bar,static_far,mask,0.04,0.25,2,ok,contained,0.21808676353992165,0.5729273450559907,1.6113354413743306,0.45834060519737396,0.0,True,76,0.009223511270579495,,
bar,static_far,mask,-0.04,0.5,0,ok,contained,0.21748408992497079,0.571985446351071,1.490667395510696,0.45220595052007373,0.0,True,72,0.01650612101235082,,
bar,static_far,mask,-0.04,0.5,1,ok,contained,0.2158189485118628,0.5722041495014242,1.4714764364489263,0.46142720114392116,0.0,True,68,0.020946729315044994,,
bar,static_far,mask,-0.04,0.5,2,ok,contained,0.21719325355711055,0.5717613869782286,1.551297830770731,0.4465055097163307,0.0,True,92,0.016077482696318732,,
bar,static_far,mask,-0.02,0.5,0,ok,contained,0.21740641606960048,0.5724986305194802,1.4989623262557095,0.4520472232886146,0.0,True,65,0.0159902596798588,,
bar,static_far,mask,-0.02,0.5,1,ok,contained,0.2157767568507232,0.5725130536674183,1.4783789421388238,0.4615977798250146,0.0,True,68,0.020376766350482682,,
bar,static_far,mask,-0.02,0.5,2,ok,contained,0.21716152644953313,0.5722029418334001,1.5575915520853814,0.44675422460099806,0.0,True,93,0.015663988024224234,,
bar,static_far,mask,0.0,0.5,0,ok,contained,0.21731867117613823,0.5728847196994522,1.5031301464983429,0.45158684877539224,0.0,True,67,0.015570762570186294,,
bar,static_far,mask,0.0,0.5,1,ok,contained,0.21574462778314663,0.5727314458342326,1.481669497761099,0.461625461163515,0.0,True,62,0.0199944099436588,,
bar,static_far,mask,0.0,0.5,2,ok,contained,0.21710755962009368,0.5726435754531878,1.5610781749991511,0.44676297187726555,0.0,True,90,0.015280246572542441,,
bar,static_far,mask,0.02,0.5,0,ok,contained,0.217208032973568,0.5733470139448184,1.5012170430409526,0.45075437037367744,0.0,True,68,0.015125607022855304,,
bar,static_far,mask,0.02,0.5,1,ok,contained,0.2155977427961734,0.5732959354482553,1.4788773763354626,0.46045817818100115,0.0,True,56,0.019493560206373873,,
bar,static_far,mask,0.02,0.5,2,ok,contained,0.2169944767738573,0.5733359370896947,1.5608441093589207,0.4462797015669479,0.0,True,86,0.014770481656271092,,
bar,static_far,mask,0.04,0.5,0,ok,contained,0.21699917730376386,0.574143052216984,1.496968841807459,0.44868578806264336,0.0,True,63,0.014529658554344172,,
bar,static_far,mask,0.04,0.5,1,ok,contained,0.21520607184949764,0.5745445627747271,1.470417331843742,0.4566317002340728,0.0,True,54,0.018591414974625332,,
bar,static_far,mask,0.04,0.5,2,ok,contained,0.21663139777959542,0.5745273385021488,1.5506272707215636,0.442952114227905,0.0,True,79,0.014044630913292864,,
bar,static_far,mask,-0.04,1.0,0,ok,contained,0.21549731455675133,0.5757456246940829,1.4201801774824934,0.43446492519738683,0.0,True,63,0.02124702570030319,,
bar,static_far,mask,-0.04,1.0,1,ok,contained,0.2133035963577778,0.5777506655466483,1.4008826854013408,0.43872254660803506,0.0,True,63,0.02669101451409203,,
bar,static_far,mask,-0.04,1.0,2,ok,contained,0.21524589899994415,0.5759183288493771,1.4814456470901094,0.4293336753151517,0.0,True,81,0.020375434728405518,,
bar,static_far,mask,-0.02,1.0,0,ok,contained,0.21549731455675133,0.5757456246940829,1.4201801774824934,0.43446492519738683,0.0,True,63,0.02124702570030319,,
bar,static_far,mask,-0.02,1.0,1,ok,contained,0.2133035963577778,0.5777506655466483,1.4008826854013408,0.43872254660803506,0.0,True,63,0.02669101451409203,,
bar,static_far,mask,-0.02,1.0,2,ok,contained,0.21524589899994415,0.5759183288493771,1.4814456470901094,0.4293336753151517,0.0,True,81,0.020375434728405518,,
bar,static_far,mask,0.0,1.0,0,ok,contained,0.21549731455675133,0.5757456246940829,1.4201801774824934,0.43446492519738683,0.0,True,63,0.02124702570030319,,
bar,static_far,mask,0.0,1.0,1,ok,contained,0.2133035963577778,0.5777506655466483,1.4008826854013408,0.43872254660803506,0.0,True,63,0.02669101451409203,,
bar,static_far,mask,0.0,1.0,2,ok,contained,0.21524589899994415,0.5759183288493771,1.4814456470901094,0.4293336753151517,0.0,True,81,0.020375434728405518,,
bar,static_far,mask,0.02,1.0,0,ok,contained,0.21549731455675133,0.5757456246940829,1.4201801774824934,0.43446492519738683,0.0,True,63,0.02124702570030319,,
bar,static_far,mask,0.02,1.0,1,ok,contained,0.2133035963577778,0.5777506655466483,1.4008826854013408,0.43872254660803506,0.0,True,63,0.02669101451409203,,
bar,static_far,mask,0.02,1.0,2,ok,contained,0.21524589899994415,0.5759183288493771,1.4814456470901094,0.4293336753151517,0.0,True,81,0.020375434728405518,,
bar,static_far,mask,0.04,1.0,0,ok,contained,0.21549731455675133,0.5757456246940829,1.4201801774824934,0.43446492519738683,0.0,True,63,0.02124702570030319,,
bar,static_far,mask,0.04,1.0,1,ok,contained,0.2133035963577778,0.5777506655466483,1.4008826854013408,0.43872254660803506,0.0,True,63,0.02669101451409203,,
bar,static_far,mask,0.04,1.0,2,ok,contained,0.21524589899994415,0.5759183288493771,1.4814456470901094,0.4293336753151517,0.0,True,81,0.020375434728405518,,
bar,static_far,mask,-0.04,4.0,0,ok,contained,0.2112360060235634,0.5840755963289752,1.297160439544587,0.39996696189179864,0.0,True,81,0.031998844418182334,,
bar,static_far,mask,-0.04,4.0,1,ok,contained,0.2080821689702673,0.5896782403205979,1.2722744218421358,0.3966258068235545,0.0,True,78,0.04039764333796501,,
bar,static_far,mask,-0.04,4.0,2,ok,contained,0.2116566386226332,0.5826317986186127,1.3571981373703854,0.3993324236310755,0.0,True,95,0.03054513423832236,,
bar,static_far,mask,-0.02,4.0,0,ok,contained,0.2116500769046522,0.5815763480930247,1.2806900575269917,0.40165436494374623,0.0,False,100,0.034186953251951785,,
bar,static_far,mask,-0.02,4.0,1,ok,contained,0.20866617897281434,0.5861950313660259,1.2507735168852714,0.3987275267575238,0.0,True,91,0.04411023661173634,,
bar,static_far,mask,-0.02,4.0,2,ok,contained,0.21197929727467243,0.580129883997288,1.3400204328023322,0.4002018165654139,0.0,False,100,0.03255502185613458,,
bar,static_far,mask,0.0,4.0,0,ok,contained,0.2122791779547693,0.5793930912281204,1.269246333962399,0.40558543386540397,0.0,False,100,0.0361882247347306,,
bar,static_far,mask,0.0,4.0,1,ok,contained,0.2093055986559857,0.5839372707133618,1.240475117803851,0.40266480414008443,0.0,False,100,0.04660130775789946,,
bar,static_far,mask,0.0,4.0,2,ok,contained,0.21261758907692402,0.5775677707914896,1.3320285161730994,0.40398603214976275,0.0,False,100,0.034464260102318,,
bar,static_far,mask,0.02,4.0,0,ok,contained,0.2128301988391479,0.5779281382809419,1.2681118712943764,0.41011289828938213,0.0,True,97,0.03807873516703158,,
bar,static_far,mask,0.02,4.0,1,ok,contained,0.20981678897901954,0.5827911328401801,1.2428810919945423,0.4072754994389357,0.0,False,100,0.04855605847794275,,
bar,static_far,mask,0.02,4.0,2,ok,contained,0.21325776342166297,0.5759225264119205,1.3420265093288057,0.40920692011494814,0.0,False,100,0.03619588073913644,,
bar,static_far,mask,0.04,4.0,0,ok,contained,0.2134073928256476,0.5766723603254148,1.288449467464719,0.4160665361575471,0.0,True,90,0.04042877826686221,,
bar,static_far,mask,0.04,4.0,1,ok,contained,0.2104363541973166,0.5816929408000618,1.2699169534535257,0.41398736148749865,0.0,True,95,0.05119268503389713,,
bar,static_far,mask,0.04,4.0,2,ok,contained,0.21375719235009064,0.574788148998619,1.3611696789865373,0.4144141786158623,0.0,False,100,0.03814709516688378,,
bar,static_far,mask,-0.04,16.0,0,ok,contained,0.2067689586477896,0.5950979478801113,1.199452242520674,0.3695987743935197,0.0,False,100,0.041009906737861354,,
bar,static_far,mask,-0.04,16.0,1,ok,contained,0.20295823678992028,0.6049101001834449,1.1844040377116725,0.3630529641045266,0.0,False,100,0.05182438309453753,,
bar,static_far,mask,-0.04,16.0,2,ok,contained,0.2079624668099711,0.5913377142960009,1.26323586270298,0.37274252187975715,0.0,False,100,0.03917261936251005,,
bar,static_far,mask,-0.02,16.0,0,ok,contained,0.20653103455498126,0.5918964603538879,1.1475730456976547,0.3656665730071274,0.0,False,100,0.04635574369988821,,
bar,static_far,mask,-0.02,16.0,1,ok,contained,0.20333514034404906,0.5979360469167496,1.1345565608817405,0.36099772211508097,0.0,False,100,0.06266010163004099,,
bar,static_far,mask,-0.02,16.0,2,ok,contained,0.2080200866785307,0.5871331901116861,1.2138291109938366,0.3704350912297651,0.0,False,100,0.04427572884021963,,
bar,static_far,mask,0.0,16.0,0,ok,contained,0.20775818711710548,0.5849918416060894,1.1036930115236863,0.3707318494403245,0.0,False,100,0.05203499002666126,,
bar,static_far,mask,0.0,16.0,1,ok,contained,0.20451730149030634,0.5901692988606144,1.09724333590139,0.364604009291242,0.0,False,100,0.07199249127826698,,
bar,static_far,mask,0.0,16.0,2,ok,contained,0.20931818073270228,0.5793909744245603,1.1736086360771159,0.3755662588489813,0.0,False,100,0.05035779116762393,,
bar,static_far,mask,0.02,16.0,0,ok,contained,0.20964405540428108,0.5783729361634696,1.0780759277749594,0.3830438177324285,0.0,False,100,0.058017019294625785,,
bar,static_far,mask,0.02,16.0,1,ok,contained,0.20620210307902923,0.5844739977796118,1.077499095772126,0.3760992791371244,0.0,False,100,0.08015143192295655,,
bar,static_far,mask,0.02,16.0,2,ok,contained,0.2114991179116497,0.5724244114314873,1.1578989729351612,0.3904447639697861,0.0,False,100,0.05602087821544781,,
bar,static_far,mask,0.04,16.0,0,ok,contained,0.2122276448508064,0.5732274320617172,1.1206490301152423,0.40561015521116106,0.0,False,100,0.06475315074696601,,
bar,static_far,mask,0.04,16.0,1,ok,contained,0.20892005464517246,0.5797017758433147,1.120783117901838,0.40053575738288083,0.0,False,100,0.08973411401563475,,
bar,static_far,mask,0.04,16.0,2,ok,contained,0.213544795825361,0.5681930574314356,1.2021810397416581,0.4091343070239136,0.0,False,100,0.06120633241470099,,
bar,static_far,mask,-0.04,64.0,0,ok,contained,0.20098041148627693,0.6138842834513902,1.1211265760213232,0.33662988799122506,0.0,False,100,0.048488700418126154,,
bar,static_far,mask,-0.04,64.0,1,ok,contained,0.19865050730821562,0.620205884487129,1.142485056372125,0.3389251457751856,0.0,False,100,0.058401342942315304,,
bar,static_far,mask,-0.04,64.0,2,ok,contained,0.20273246205479312,0.6089982462055772,1.1863658361851936,0.34175697097559427,0.0,False,100,0.04746777934622651,,
bar,static_far,mask,-0.02,64.0,0,ok,contained,0.19892847954987483,0.6152712743414801,1.0517985428874508,0.32393751410847155,0.0,False,100,0.058851798372935575,,
bar,static_far,mask,-0.02,64.0,1,ok,contained,0.19687737464143318,0.6181157348517716,1.067304463948799,0.32572772369363273,0.0,False,100,0.0766201474417528,,
bar,static_far,mask,-0.02,64.0,2,ok,contained,0.20100304377494652,0.6096240165921601,1.1264624266804732,0.33085031697470385,0.0,False,100,0.057268304369095434,,
bar,static_far,mask,0.0,64.0,0,ok,contained,0.19886968118865095,0.607500774874794,0.9801579611671619,0.3206666715875707,0.0,False,100,0.07115544796259987,,
bar,static_far,mask,0.0,64.0,1,ok,contained,0.1963089757813191,0.612274940202108,1.0058233736515871,0.31949128079774464,0.0,False,100,0.09549406482039186,,
bar,static_far,mask,0.0,64.0,2,ok,contained,0.20109199630663238,0.6011465162442979,1.0562230798432333,0.3277082204812931,0.0,False,100,0.0720748542449523,,
bar,static_far,mask,0.02,64.0,0,ok,contained,0.20133688308222095,0.5917217647413265,0.9139455585254619,0.3310999478870093,0.0,False,100,0.08666055704312742,,
bar,static_far,mask,0.02,64.0,1,ok,contained,0.19837108320028804,0.5987013627610468,0.9422139708634887,0.32780444645065115,0.0,False,100,0.11737549805873243,,
bar,static_far,mask,0.02,64.0,2,ok,contained,0.20413955891118352,0.5832414728827379,0.9847652412729253,0.3402030575279692,0.0,False,100,0.08811135888500432,,
bar,static_far,mask,0.04,64.0,0,ok,contained,0.20735476505945002,0.571343902931606,0.8520577855733596,0.3714106641746532,0.0,False,100,0.10632591767771862,,
bar,static_far,mask,0.04,64.0,1,ok,contained,0.20472246846071346,0.5782643438834421,0.8989420961536978,0.36976978887138606,0.0,False,100,0.1468130634418791,,
bar,static_far,mask,0.04,64.0,2,ok,contained,0.20881939564696286,0.5676776117062067,0.9368077881927509,0.37287453542743115,0.0,False,100,0.10519819689057346,,
blob,static_far,mask,-0.04,0.25,0,ok,contained,0.1882836382462239,0.6834146534551726,2.400748383495283,0.34073534746590706,0.0,True,23,3.362553092378339,,
blob,static_far,mask,-0.04,0.25,1,ok,contained,0.18197784411143603,0.6984858391860522,2.365311104187967,0.3148486968073507,0.0,True,26,2.4447718031934524,,
blob,static_far,mask,-0.04,0.25,2,ok,contained,0.1848282720053448,0.6986546093022062,2.3697659876148194,0.3222270114935741,0.0,True,40,2.9284250166572896,,
blob,static_far,mask,-0.02,0.25,0,ok,contained,0.18945040974348518,0.6804000397195026,2.416859072052243,0.3507986727936512,0.0,True,23,3.3012506762472693,,
blob,static_far,mask,-0.02,0.25,1,ok,contained,0.18268146126178994,0.6957624632557081,2.3747809273245095,0.3198518192576355,0.0,True,26,2.4158195310675,,
blob,static_far,mask,-0.02,0.25,2,ok,contained,0.18548067165322982,0.6960097803805716,2.3790971515009387,0.32720967355823616,0.0,True,40,2.8982485450340665,,
blob,static_far,mask,0.0,0.25,0,ok,contained,0.19205428803001778,0.6779224853701808,2.4910698085427,0.36967499293593853,0.0,True,23,3.062262417249692,,
blob,static_far,mask,0.0,0.25,1,ok,contained,0.18533542975548978,0.6917416002625525,2.4299849482487668,0.3345617268798691,0.0,True,32,2.257485237451915,,
blob,static_far,mask,0.0,0.25,2,ok,contained,0.18804805367090738,0.6930477777764839,2.4411494016307866,0.3418523318424168,0.0,True,43,2.6802640978617287,,
blob,static_far,mask,0.02,0.25,0,ok,contained,0.19340747317544735,0.6826907477295246,2.6272853572587413,0.3692736525033209,0.0,True,25,2.6455210911505773,,
blob,static_far,mask,0.02,0.25,1,ok,contained,0.18744542160158154,0.6941473763895781,2.547235273322081,0.33935213743470083,0.0,True,32,1.9773120337438939,,
blob,static_far,mask,0.02,0.25,2,ok,contained,0.18985939735074328,0.6951873086751219,2.5968958209343023,0.3463471101937736,0.0,True,43,2.3662540513808032,,
blob,static_far,mask,0.04,0.25,0,ok,contained,0.1924756693971552,0.6891841609622884,2.719039790380381,0.34634612438089657,0.0,True,26,2.2316940432992602,,
blob,static_far,mask,0.04,0.25,1,ok,contained,0.18736151348820687,0.6997136485596962,2.6834710577675405,0.32580459752925545,0.0,True,31,1.6887763525338042,,
blob,static_far,mask,0.04,0.25,2,ok,contained,0.18968868965418303,0.7005497016979266,2.7849553516453067,0.33099920622490053,0.0,True,47,1.9614010299428388,,
blob,static_far,mask,-0.04,0.5,0,ok,contained,0.18822818223679447,0.6837027955674597,2.400130768162557,0.34007323536615786,0.0,True,23,3.3647252930065474,,
blob,static_far,mask,-0.04,0.5,1,ok,contained,0.18196171830117058,0.6985822282064013,2.365147924911901,0.31469803101977156,0.0,True,26,2.445377433559024,,
blob,static_far,mask,-0.04,0.5,2,ok,contained,0.18481222109022552,0.6987571963416799,2.3695822063654934,0.3220670786965176,0.0,True,40,2.9290289226847865,,
blob,static_far,mask,-0.02,0.5,0,ok,contained,0.18883069223565432,0.6820148636850831,2.4083986404009936,0.34524937633464076,0.0,True,22,3.332942136513739,,
blob,static_far,mask,-0.02,0.5,1,ok,contained,0.18234004157879527,0.6970774387450391,2.3702100448803867,0.3173992005869141,0.0,True,26,2.4298294005388286,,
blob,static_far,mask,-0.02,0.5,2,ok,contained,0.18516949339921976,0.6972613125042744,2.3747065783866628,0.32481021372585817,0.0,True,40,2.9124224213486904,,
blob,static_far,mask,0.0,0.5,0,ok,contained,0.19014344352593227,0.6804887542295854,2.442398331294744,0.35429914212941166,0.0,True,23,3.217177506117743,,
blob,static_far,mask,0.0,0.5,1,ok,contained,0.1836558469347552,0.6948551397564612,2.3961274755575594,0.3244868382145059,0.0,True,28,2.353008486399778,,
blob,static_far,mask,0.0,0.5,2,ok,contained,0.1864598377473394,0.6955244155429549,2.404096241697966,0.33197095700856544,0.0,True,42,2.8052013246081104,,
blob,static_far,mask,0.02,0.5,0,ok,contained,0.19091584611002022,0.6826430983063912,2.4992624720271275,0.35464971011192875,0.0,True,23,3.0211629036231504,,
blob,static_far,mask,0.02,0.5,1,ok,contained,0.184748031812367,0.6958366721987035,2.4432320878243208,0.32672743060617915,0.0,True,28,2.2208307191936294,,
blob,static_far,mask,0.02,0.5,2,ok,contained,0.18740183011701247,0.6964356664985074,2.450596821883894,0.3340237612481753,0.0,True,41,2.6562092751273343,,
blob,static_far,mask,0.04,0.5,0,ok,contained,0.19054362907437625,0.6862344761074501,2.5600064012806243,0.3437519341862029,0.0,True,24,2.8018379583006006,,
blob,static_far,mask,0.04,0.5,1,ok,contained,0.18480584238571546,0.6989621905107302,2.4992923894309134,0.3202833816908062,0.0,True,27,2.068239977648231,,
blob,static_far,mask,0.04,0.5,2,ok,contained,0.1874368970133803,0.6994920733117248,2.524065732919176,0.32680079031034576,0.0,True,42,2.447409554944318,,
blob,static_far,mask,-0.04,1.0,0,ok,contained,0.18815710592863463,0.6840898202132698,2.3993310986940974,0.3392126290877089,0.0,True,23,3.3675550684163515,,
blob,static_far,mask,-0.04,1.0,1,ok,contained,0.18194018115148916,0.6987135982936676,2.364926510420456,0.3144948747419246,0.0,True,26,2.4461762067511272,,
blob,static_far,mask,-0.04,1.0,2,ok,contained,0.18478939796481414,0.6989081634907676,2.3693246391310505,0.3218359776540363,0.0,True,40,2.929878035245431,,
blob,static_far,mask,-0.02,1.0,0,ok,contained,0.18815710592863463,0.6840898202132698,2.3993310986940974,0.3392126290877089,0.0,True,23,3.3675550684163515,,
blob,static_far,mask,-0.02,1.0,1,ok,contained,0.18194018115148916,0.6987135982936676,2.364926510420456,0.3144948747419246,0.0,True,26,2.4461762067511272,,
blob,static_far,mask,-0.02,1.0,2,ok,contained,0.18478939796481414,0.6989081634907676,2.3693246391310505,0.3218359776540363,0.0,True,40,2.929878035245431,,
blob,static_far,mask,0.0,1.0,0,ok,contained,0.18815710592863463,0.6840898202132698,2.3993310986940974,0.3392126290877089,0.0,True,23,3.3675550684163515,,
blob,static_far,mask,0.0,1.0,1,ok,contained,0.18194018115148916,0.6987135982936676,2.364926510420456,0.3144948747419246,0.0,True,26,2.4461762067511272,,
blob,static_far,mask,0.0,1.0,2,ok,contained,0.18478939796481414,0.6989081634907676,2.3693246391310505,0.3218359776540363,0.0,True,40,2.929878035245431,,
blob,static_far,mask,0.02,1.0,0,ok,contained,0.18815710592863463,0.6840898202132698,2.3993310986940974,0.3392126290877089,0.0,True,23,3.3675550684163515,,
blob,static_far,mask,0.02,1.0,1,ok,contained,0.18194018115148916,0.6987135982936676,2.364926510420456,0.3144948747419246,0.0,True,26,2.4461762067511272,,
blob,static_far,mask,0.02,1.0,2,ok,contained,0.18478939796481414,0.6989081634907676,2.3693246391310505,0.3218359776540363,0.0,True,40,2.929878035245431,,
blob,static_far,mask,0.04,1.0,0,ok,contained,0.18815710592863463,0.6840898202132698,2.3993310986940974,0.3392126290877089,0.0,True,23,3.3675550684163515,,
blob,static_far,mask,0.04,1.0,1,ok,contained,0.18194018115148916,0.6987135982936676,2.364926510420456,0.3144948747419246,0.0,True,26,2.4461762067511272,,
blob,static_far,mask,0.04,1.0,2,ok,contained,0.18478939796481414,0.6989081634907676,2.3693246391310505,0.3218359776540363,0.0,True,40,2.929878035245431,,
blob,static_far,mask,-0.04,4.0,0,ok,contained,0.18798283483463993,0.6851248015047666,2.397334698917383,0.33704964850788216,0.0,True,22,3.3745623996118574,,
blob,static_far,mask,-0.04,4.0,1,ok,contained,0.18188021197339202,0.6990873181941734,2.36429063739774,0.3139246359326878,0.0,True,25,2.448317166759549,,
blob,static_far,mask,-0.04,4.0,2,ok,contained,0.1847266471742857,0.6993436052494187,2.368630114748222,0.32118405533930533,0.0,True,40,2.932136372576444,,
blob,static_far,mask,-0.02,4.0,0,ok,contained,0.18684308206229389,0.689166293629571,2.3817036588994007,0.3273448817536299,0.0,True,29,3.4364220287436806,,
blob,static_far,mask,-0.02,4.0,1,ok,contained,0.18107283467516674,0.7024259950903791,2.353668835508496,0.3081958780469919,0.0,True,25,2.481251212556971,,
blob,static_far,mask,-0.02,4.0,2,ok,contained,0.18393891074433832,0.7029509498694203,2.3573460952305263,0.3150577209905928,0.0,True,40,2.9691077182268124,,
blob,static_far,mask,0.0,4.0,0,ok,contained,0.18455280750316952,0.6930383984485916,2.3358055753547724,0.31361680470589703,0.0,True,30,3.61644851841791,,
blob,static_far,mask,0.0,4.0,1,ok,contained,0.17884597065277227,0.7073409395687024,2.315222048887937,0.2969542787036559,0.0,True,25,2.603854232643699,,
blob,static_far,mask,0.0,4.0,2,ok,contained,0.18172445628397257,0.7070090752181978,2.314410921399085,0.30356168898498315,0.0,True,36,3.140800884477435,,
blob,static_far,mask,0.02,4.0,0,ok,contained,0.18275407969112772,0.6909382116228737,2.2754278876548844,0.3101712016939899,0.0,True,28,3.904906018604251,,
blob,static_far,mask,0.02,4.0,1,ok,contained,0.1767479381091953,0.7077561855714184,2.257691951888052,0.2920510523978739,0.0,True,27,2.7980347188983363,,
blob,static_far,mask,0.02,4.0,2,ok,contained,0.1798298348189587,0.7069339439929555,2.2593777424080845,0.2992674059417158,0.0,True,48,3.3673617491100316,,
blob,static_far,mask,0.04,4.0,0,ok,contained,0.18261187787027058,0.6836541104838911,2.1969478377849607,0.3240471346419598,0.0,True,26,4.289655810306288,,
blob,static_far,mask,0.04,4.0,1,ok,contained,0.17581951917875055,0.7013684176744308,2.1822091832174633,0.3003746112094208,0.0,True,27,3.093314911328902,,
blob,static_far,mask,0.04,4.0,2,ok,contained,0.17893157347688468,0.7000037334740095,2.175246965160386,0.30908280449046965,0.0,True,44,3.737053699965206,,
blob,static_far,mask,-0.04,16.0,0,ok,contained,0.18780148680047748,0.6862756239692898,2.39529400545953,0.33477310187938175,0.0,True,27,3.3818072714541527,,
blob,static_far,mask,-0.04,16.0,1,ok,contained,0.1817988385183065,0.6995876467662439,2.3634889265246968,0.31315103728364496,0.0,True,26,2.451054018255733,,
blob,static_far,mask,-0.04,16.0,2,ok,contained,0.18466137921395676,0.6998228192952012,2.3679348128954776,0.32048229525979033,0.0,True,40,2.934346848453993,,
blob,static_far,mask,-0.02,16.0,0,ok,contained,0.1857387060099467,0.6938036006842543,2.3671713565205383,0.3176754896119538,0.0,True,43,3.4958431981569666,,
blob,static_far,mask,-0.02,16.0,1,ok,contained,0.18024517267215207,0.7059680314653751,2.343166340673906,0.3023144153010557,0.0,True,34,2.514448636940501,,
blob,static_far,mask,-0.02,16.0,2,ok,contained,0.1831890324361169,0.7067711607021935,2.346811553892425,0.3089923081220158,0.0,True,39,3.003859851739426,,
blob,static_far,mask,0.0,16.0,0,ok,contained,0.1818660334697099,0.7005747012906263,2.2981090519581664,0.2963536156213636,0.0,True,44,3.7854492094995957,,
blob,static_far,mask,0.0,16.0,1,ok,contained,0.17657181478173767,0.7152914158331898,2.2825727707668584,0.28405590443956263,0.0,True,39,2.713665006497935,,
blob,static_far,mask,0.0,16.0,2,ok,contained,0.1794398951651019,0.7137618275053591,2.2794524250545156,0.2903968010369564,0.0,True,34,3.286148475949474,,
blob,static_far,mask,0.02,16.0,0,ok,contained,0.1786203170240338,0.6986889770722944,2.2122623032647537,0.28921858630588476,0.0,True,45,4.230709114211158,,
blob,static_far,mask,0.02,16.0,1,ok,contained,0.17302516391839062,0.7179741411070985,2.199545208196644,0.27445313733591437,0.0,True,36,3.010272031904193,,
blob,static_far,mask,0.02,16.0,2,ok,contained,0.17619850796590408,0.7151765850389203,2.20192825911798,0.28223557310405367,0.0,True,57,3.634056168391518,,
blob,static_far,mask,0.04,16.0,0,ok,contained,0.17737148234428224,0.6860391594956972,2.1060288389194697,0.3058074237429788,0.0,True,42,4.842749195578669,,
blob,static_far,mask,0.04,16.0,1,ok,contained,0.17066741328514032,0.7094715110113377,2.086982005694157,0.2820176379815442,0.0,True,34,3.4951010912527796,,
blob,static_far,mask,0.04,16.0,2,ok,contained,0.17373146196719877,0.7032198729470271,2.08428602654394,0.29422241156196843,0.0,True,50,4.234014202314147,,
blob,static_far,mask,-0.04,64.0,0,ok,contained,0.1876522712977735,0.6871900287209584,2.393591490771001,0.3329718382793396,0.0,True,54,3.3877438709283076,,
blob,static_far,mask,-0.04,64.0,1,ok,contained,0.18169888057759026,0.7001622133634653,2.362520831083488,0.3122252840823436,0.0,True,43,2.4542729143139406,,
blob,static_far,mask,-0.04,64.0,2,ok,contained,0.18460765068784812,0.7002228572035102,2.3673922090835298,0.31989733331936043,0.0,True,40,2.9359527396163276,,
blob,static_far,mask,-0.02,64.0,0,ok,contained,0.18485175347475272,0.6968475047923881,2.356115387071744,0.3107422577376681,0.0,True,86,3.5458913024292933,,
blob,static_far,mask,-0.02,64.0,1,ok,contained,0.17955132737112373,0.7089225952849841,2.3343878283560255,0.29748850558248735,0.0,True,57,2.5425065812853647,,
blob,static_far,mask,-0.02,64.0,2,ok,contained,0.1826374330559664,0.7095234667477687,2.338857644660291,0.30461603307291785,0.0,True,60,3.03043489299702,,
blob,static_far,mask,0.0,64.0,0,ok,contained,0.1800511522546093,0.7061107469004554,2.275940114570263,0.28571650794784653,0.0,True,52,3.8958260654246986,,
blob,static_far,mask,0.0,64.0,1,ok,contained,0.1750636286976163,0.7210293138739288,2.2623893698417956,0.2755217621387127,0.0,True,52,2.7853469365409325,,
blob,static_far,mask,0.0,64.0,2,ok,contained,0.17794053940483687,0.7179833159833814,2.258211783395646,0.2824775002539178,0.0,True,47,3.382019273188442,,
blob,static_far,mask,0.02,64.0,0,ok,contained,0.17610061088525622,0.706080672348113,2.1813826536188463,0.27664391979671477,0.0,True,61,4.405546036183793,,
blob,static_far,mask,0.02,64.0,1,ok,contained,0.17085516363139905,0.7263132944207997,2.170916512582182,0.2625992966356191,0.0,True,41,3.1226435144346727,,
blob,static_far,mask,0.02,64.0,2,ok,contained,0.17397789366978222,0.7200918533810641,2.1724784979015492,0.2723517277961289,0.0,True,75,3.7833098645724745,,
blob,static_far,mask,0.04,64.0,0,ok,contained,0.1735081778318485,0.6907956837066278,2.076570153383792,0.2896828434530601,0.0,True,50,5.130368997633869,,
blob,static_far,mask,0.04,64.0,1,ok,contained,0.1675122486492353,0.7198514158989812,2.054274243397427,0.26469174911008503,0.0,True,40,3.6861598081941205,,
blob,static_far,mask,0.04,64.0,2,ok,contained,0.1701795047593555,0.7077615143141675,2.0532364406486106,0.28025957857152833,0.0,True,50,4.481749781687942,,
bar,bar_bend,mask,-0.04,0.25,0,ok,contained,0.47408432889304986,0.2558787173800189,1.0686046721039055,0.9732197379515843,0.0,False,100,0.0002159060416495439,,
bar,bar_bend,mask,-0.04,0.25,1,ok,global,,,1.003917229714052,1.0356572405558846,0.0,False,100,0.00020144656438603913,,
bar,bar_bend,mask,-0.04,0.25,2,ok,contained,0.4723782709803791,0.2536989832309275,0.9995572598131114,0.9169333705522165,0.0,False,100,0.000248675941209995,,
bar,bar_bend,mask,-0.02,0.25,0,ok,contained,0.4717513135389756,0.25570127216518984,1.075143806835661,0.950406101895177,0.0,False,100,0.00021126412059374112,,
bar,bar_bend,mask,-0.02,0.25,1,ok,global,,,1.0086879712416357,1.0159951686709063,0.0,False,100,0.0001976533430811664,,
bar,bar_bend,mask,-0.02,0.25,2,ok,contained,0.4687979428847749,0.25319583223506203,1.010753036752438,0.8831668107582811,0.0,False,100,0.00024079000990136565,,
bar,bar_bend,mask,0.0,0.25,0,ok,contained,0.46871973066229733,0.2546096658905403,1.0856844979256515,0.9190048108894672,0.0,False,100,0.00020412333036495602,,
bar,bar_bend,mask,0.0,0.25,1,ok,contained,0.46667390005641457,0.2591669248756882,1.0137859489093861,0.9943104871563617,0.0,False,100,0.0001929271981218361,,
bar,bar_bend,mask,0.0,0.25,2,ok,contained,0.46630197909784094,0.2543409209688897,1.0140294037597033,0.8654089120241497,0.0,False,100,0.00023348512737303125,,
bar,bar_bend,mask,0.02,0.25,0,ok,contained,0.4664325552349684,0.25471009427400504,1.0911875688738815,0.8993108260119358,0.0,False,100,0.0001968006138069004,,
bar,bar_bend,mask,0.02,0.25,1,ok,contained,0.4644426631019583,0.2600311302931867,1.0169630842103312,0.9764811338389511,0.0,False,100,0.00018780170500222302,,
bar,bar_bend,mask,0.02,0.25,2,ok,contained,0.4646275547639734,0.2559172660766947,1.0133507252084117,0.8563201001922123,0.0,False,100,0.00022650822185610504,,
bar,bar_bend,mask,0.04,0.25,0,ok,contained,0.4653241873261441,0.25725148037260676,1.086311583325129,0.8983404447046126,0.0,False,100,0.00018777849463199957,,
bar,bar_bend,mask,0.04,0.25,1,ok,contained,0.46226593943111266,0.26161393201456773,1.0180202131322658,0.9611643846945117,0.0,False,100,0.0001809060605681741,,
bar,bar_bend,mask,0.04,0.25,2,ok,contained,0.46299350339953044,0.25749500679502624,1.0123480736955817,0.848098967388203,0.0,False,100,0.00021965960948119314,,
bar,bar_bend,mask,-0.04,0.5,0,ok,global,,,1.020030228006565,1.2842000196007968,0.0,False,100,0.00024797077945577035,,
bar,bar_bend,mask,-0.04,0.5,1,ok,global,,,0.9632155641576909,1.3058040120726577,0.0,False,100,0.00022786939648655941,,
bar,bar_bend,mask,-0.04,0.5,2,ok,global,,,0.9202482508459935,1.158884850442578,0.0,False,100,0.0002960222328759679,,
bar,bar_bend,mask,-0.02,0.5,0,ok,global,,,1.0179259665047036,1.270247094074624,0.0,False,100,0.0002463004454819561,,
bar,bar_bend,mask,-0.02,0.5,1,ok,global,,,0.9610873813759231,1.2969838498881163,0.0,False,100,0.0002266424418571974,,
bar,bar_bend,mask,-0.02,0.5,2,ok,global,,,0.9209743586264696,1.1416082814137252,0.0,False,100,0.00029314179027896544,,
bar,bar_bend,mask,0.0,0.5,0,ok,global,,,1.016490796485825,1.2526006576134798,0.0,False,100,0.00024383262165756807,,
bar,bar_bend,mask,0.0,0.5,1,ok,global,,,0.9595172194034276,1.2883725923725458,0.0,False,100,0.00022513831621220597,,
bar,bar_bend,mask,0.0,0.5,2,ok,global,,,0.9218049354643261,1.1313043498190438,0.0,False,100,0.00029018004191811114,,
bar,bar_bend,mask,0.02,0.5,0,ok,global,,,1.0163178906452823,1.2422778894747972,0.0,False,100,0.0002410466308565175,,
bar,bar_bend,mask,0.02,0.5,1,ok,global,,,0.9591855399205301,1.2815244314225138,0.0,False,100,0.0002233255653669906,,
bar,bar_bend,mask,0.02,0.5,2,ok,global,,,0.9223844371513217,1.1260741356170798,0.0,False,100,0.0002869760622889196,,
bar,bar_bend,mask,0.04,0.5,0,ok,global,,,1.0181396160889118,1.2418925834591095,0.0,False,100,0.00023645543357749018,,
bar,bar_bend,mask,0.04,0.5,1,ok,global,,,0.960786535917349,1.2778233287302934,0.0,False,100,0.00022070730589217482,,
bar,bar_bend,mask,0.04,0.5,2,ok,global,,,0.9227327779228643,1.121495841583125,0.0,False,100,0.0002838162154944427,,
bar,bar_bend,mask,-0.04,1.0,0,ok,global,,,3.7748785669116023,1.5684043843974025,0.0,False,100,0.0003130227824948218,,
bar,bar_bend,mask,-0.04,1.0,1,ok,global,,,3.491999413505446,1.524889770508947,0.0,False,100,0.0002867387786643869,,
bar,bar_bend,mask,-0.04,1.0,2,ok,global,,,3.7155491804561733,1.4264841857638606,0.0,False,100,0.00038372759484696524,,
bar,bar_bend,mask,-0.02,1.0,0,ok,global,,,3.7748785669116023,1.5684043843974025,0.0,False,100,0.0003130227824948218,,
bar,bar_bend,mask,-0.02,1.0,1,ok,global,,,3.491999413505446,1.524889770508947,0.0,False,100,0.0002867387786643869,,
bar,bar_bend,mask,-0.02,1.0,2,ok,global,,,3.7155491804561733,1.4264841857638606,0.0,False,100,0.00038372759484696524,,
bar,bar_bend,mask,0.0,1.0,0,ok,global,,,3.7748785669116023,1.5684043843974025,0.0,False,100,0.0003130227824948218,,
bar,bar_bend,mask,0.0,1.0,1,ok,global,,,3.491999413505446,1.524889770508947,0.0,False,100,0.0002867387786643869,,
bar,bar_bend,mask,0.0,1.0,2,ok,global,,,3.7155491804561733,1.4264841857638606,0.0,False,100,0.00038372759484696524,,
bar,bar_bend,mask,0.02,1.0,0,ok,global,,,3.7748785669116023,1.5684043843974025,0.0,False,100,0.0003130227824948218,,
bar,bar_bend,mask,0.02,1.0,1,ok,global,,,3.491999413505446,1.524889770508947,0.0,False,100,0.0002867387786643869,,
bar,bar_bend,mask,0.02,1.0,2,ok,global,,,3.7155491804561733,1.4264841857638606,0.0,False,100,0.00038372759484696524,,
bar,bar_bend,mask,0.04,1.0,0,ok,global,,,3.7748785669116023,1.5684043843974025,0.0,False,100,0.0003130227824948218,,
bar,bar_bend,mask,0.04,1.0,1,ok,global,,,3.491999413505446,1.524889770508947,0.0,False,100,0.0002867387786643869,,
bar,bar_bend,mask,0.04,1.0,2,ok,global,,,3.7155491804561733,1.4264841857638606,0.0,False,100,0.00038372759484696524,,
bar,bar_bend,mask,-0.04,4.0,0,ok,global,,,9.561729284703155,1.2741629421065237,0.0,False,100,0.0006375766943455351,,
bar,bar_bend,mask,-0.04,4.0,1,ok,global,,,9.453796957365633,1.2176127517458117,0.0,False,100,0.0006038368742975053,,
bar,bar_bend,mask,-0.04,4.0,2,ok,global,,,9.498700267360478,1.2649328155558874,0.0,False,100,0.0007857864655915774,,
bar,bar_bend,mask,-0.02,4.0,0,ok,global,,,9.561729284703155,1.2381572105685377,0.0,False,100,0.0006606109713566308,,
bar,bar_bend,mask,-0.02,4.0,1,ok,global,,,9.453796957365633,1.1837212010799236,0.0,False,100,0.00062297869754153,,
bar,bar_bend,mask,-0.02,4.0,2,ok,global,,,9.498700267360478,1.2231374924898648,0.0,False,100,0.0008114759763683511,,
bar,bar_bend,mask,0.0,4.0,0,ok,global,,,9.561729284703155,1.196547570203847,0.0,False,100,0.0006930549063063321,,
bar,bar_bend,mask,0.0,4.0,1,ok,global,,,9.453796957365633,1.1460075088503336,0.0,False,100,0.0006494104200506002,,
bar,bar_bend,mask,0.0,4.0,2,ok,global,,,9.498700267360478,1.1824265311236464,0.0,False,100,0.0008393874147498259,,
bar,bar_bend,mask,0.02,4.0,0,ok,global,,,9.561729284703155,1.1694813800711752,0.0,False,100,0.0007165846254950768,,
bar,bar_bend,mask,0.02,4.0,1,ok,global,,,7.443927845040276,1.113893411942692,0.0,False,100,0.000670181233957458,,
bar,bar_bend,mask,0.02,4.0,2,ok,global,,,9.498700267360478,1.1436867214304718,0.0,False,100,0.0008675011668439951,,
bar,bar_bend,mask,0.04,4.0,0,ok,global,,,9.561729284703155,1.124225707349559,0.0,False,100,0.000745671502770856,,
bar,bar_bend,mask,0.04,4.0,1,ok,global,,,7.410684974441936,1.0808451789716942,0.0,False,100,0.0006904003354713988,,
bar,bar_bend,mask,0.04,4.0,2,ok,global,,,9.498700267360478,1.1132601078190312,0.0,False,100,0.0008950779434411148,,
bar,bar_bend,mask,-0.04,16.0,0,ok,global,,,2.4417816134603973,1.0235706808280551,0.0,False,100,0.0011228137123119387,,
bar,bar_bend,mask,-0.04,16.0,1,ok,global,,,2.4134520843421705,1.0008542379366807,0.0,False,100,0.0011260339869413006,,
bar,bar_bend,mask,-0.04,16.0,2,ok,contained,0.4729783158915682,0.2658770725691095,2.497757459474806,0.9867675433201609,0.0,False,100,0.001388256283101198,,
bar,bar_bend,mask,-0.02,16.0,0,ok,contained,0.47254724364223927,0.26699844414694923,2.4173383935626274,0.9837046103720323,0.0,False,100,0.0012129857626273955,,
bar,bar_bend,mask,-0.02,16.0,1,ok,contained,0.46410627574161745,0.2694007587479932,2.4153034336928605,0.9591958965347496,0.0,False,100,0.0012177254531527517,,
bar,bar_bend,mask,-0.02,16.0,2,ok,contained,0.46334229054063547,0.2727196158307376,2.5295808902258794,0.929237511777701,0.0,False,100,0.0015191823985188431,,
bar,bar_bend,mask,0.0,16.0,0,ok,contained,0.4584538018241929,0.2772783582937946,2.4164943175918268,0.8998933773175489,0.0,False,100,0.0014206867169230984,,
bar,bar_bend,mask,0.0,16.0,1,ok,contained,0.45500972377187304,0.2768697459241521,6.643375020744353,0.9054414431559699,0.0,False,100,0.0013710336857888795,,
bar,bar_bend,mask,0.0,16.0,2,ok,contained,0.45440931719559047,0.2797133343721072,6.835503627695353,0.8797214409913215,0.0,False,100,0.001658239319785819,,
bar,bar_bend,mask,0.02,16.0,0,ok,contained,0.4506075561972581,0.28347792790853055,6.627838073928728,0.857179633407906,0.0,False,100,0.0015670841183436598,,
bar,bar_bend,mask,0.02,16.0,1,ok,contained,0.44426780667856297,0.28694737361546574,1.9600745364768235,0.8470981653156084,0.0,False,100,0.0015430928785121032,,
bar,bar_bend,mask,0.02,16.0,2,ok,contained,0.4470157100281754,0.2860537328284147,6.723158981076541,0.8416342918768118,0.0,False,100,0.0017811052910171982,,
bar,bar_bend,mask,0.04,16.0,0,ok,contained,0.44412798304466217,0.28853303439275724,2.0055371161417876,0.8241924093708768,0.0,False,100,0.0016870513580840856,,
bar,bar_bend,mask,0.04,16.0,1,ok,contained,0.4347330690702,0.29683978136056094,1.9075517882017676,0.7999906788464507,0.0,False,100,0.0017053156999463329,,
bar,bar_bend,mask,0.04,16.0,2,ok,contained,0.4400894790948309,0.2926649414382756,6.611915108862696,0.8073888744622673,0.0,False,100,0.0019209563372610133,,
bar,bar_bend,mask,-0.04,64.0,0,ok,contained,0.47079981102132185,0.2655113571359379,2.350743640367978,0.970393706453392,0.0,True,72,0.0014619757452336863,,
bar,bar_bend,mask,-0.04,64.0,1,ok,contained,0.4642722766997945,0.2665759149181159,2.2900269887159657,0.9587667807369237,0.0,True,68,0.0015107994698626498,,
bar,bar_bend,mask,-0.04,64.0,2,ok,contained,0.46332580820015706,0.2698288476469544,2.4487863343066265,0.9255288821767629,0.0,False,100,0.0017900457580074167,,
bar,bar_bend,mask,-0.02,64.0,0,ok,contained,0.46447292582803856,0.26968409934606535,2.316692089331543,0.9324155211631755,0.0,True,70,0.0016107501158587356,,
bar,bar_bend,mask,-0.02,64.0,1,ok,contained,0.45700557348780296,0.2719976901349141,2.217406298041533,0.9160764064889156,0.0,True,68,0.0016761631737916005,,
bar,bar_bend,mask,-0.02,64.0,2,ok,contained,0.4523918637099763,0.2780725453779241,6.705826055663153,0.864840474780294,0.0,False,100,0.0020244043944825344,,
bar,bar_bend,mask,0.0,64.0,0,ok,contained,0.445952545591272,0.2834985374275587,2.0065460583438206,0.8318712449645798,0.0,False,100,0.002013065790656018,,
bar,bar_bend,mask,0.0,64.0,1,ok,contained,0.4463239069051411,0.28138641520412455,1.9546753200410545,0.8575890576322713,0.0,False,100,0.0019287837978793792,,
bar,bar_bend,mask,0.0,64.0,2,ok,contained,0.44244056943396376,0.286372357658739,6.547760325679493,0.8138469817333402,0.0,False,100,0.002277151287244669,,
bar,bar_bend,mask,0.02,64.0,0,ok,contained,0.4366767003714557,0.2910657882287726,1.9381455654779098,0.7861989863822446,0.0,False,100,0.002321565881884268,,
bar,bar_bend,mask,0.02,64.0,1,ok,contained,0.43317764780296836,0.29409531676488637,1.8754368830645007,0.7915070332412066,0.0,False,100,0.0023047586438389896,,
bar,bar_bend,mask,0.02,64.0,2,ok,contained,0.43535732324398785,0.2929220384225115,2.0125742656503576,0.7799922330151514,0.0,False,100,0.0024760090054933856,,
bar,bar_bend,mask,0.04,64.0,0,ok,contained,0.4316013250577458,0.29549337058977837,1.9070714353775493,0.7624113387092089,0.0,False,100,0.0025020064906435832,,
bar,bar_bend,mask,0.04,64.0,1,ok,contained,0.422434453193353,0.30572630347751395,1.82363277290816,0.7426069339967912,0.0,False,100,0.002664164630752647,,
bar,bar_bend,mask,0.04,64.0,2,ok,contained,0.42779916569766924,0.3005017891783791,1.977039613171423,0.7452604729349089,0.0,False,100,0.0027374353095375482,,
blob,bar_bend,mask,-0.04,0.25,0,na_edit_undefined,,,,,,,,,,,
blob,bar_bend,mask,-0.04,0.25,1,na_edit_undefined,,,,,,,,,,,
blob,bar_bend,mask,-0.04,0.25,2,na_edit_undefined,,,,,,,,,,,
blob,bar_bend,mask,-0.04,0.5,0,na_edit_undefined,,,,,,,,,,,
blob,bar_bend,mask,-0.04,0.5,1,na_edit_undefined,,,,,,,,,,,
blob,bar_bend,mask,-0.04,0.5,2,na_edit_undefined,,,,,,,,,,,
blob,bar_bend,mask,-0.04,1.0,0,na_edit_undefined,,,,,,,,,,,
blob,bar_bend,mask,-0.04,1.0,1,na_edit_undefined,,,,,,,,,,,
blob,bar_bend,mask,-0.04,1.0,2,na_edit_undefined,,,,,,,,,,,
blob,bar_bend,mask,-0.04,4.0,0,na_edit_undefined,,,,,,,,,,,
blob,bar_bend,mask,-0.04,4.0,1,na_edit_undefined,,,,,,,,,,,
blob,bar_bend,mask,-0.04,4.0,2,na_edit_undefined,,,,,,,,,,,
blob,bar_bend,mask,-0.04,16.0,0,na_edit_undefined,,,,,,,,,,,
blob,bar_bend,mask,-0.04,16.0,1,na_edit_undefined,,,,,,,,,,,
blob,bar_bend,mask,-0.04,16.0,2,na_edit_undefined,,,,,,,,,,,
blob,bar_bend,mask,-0.04,64.0,0,na_edit_undefined,,,,,,,,,,,
blob,bar_bend,mask,-0.04,64.0,1,na_edit_undefined,,,,,,,,,,,
blob,bar_bend,mask,-0.04,64.0,2,na_edit_undefined,,,,,,,,,,,
blob,bar_bend,mask,-0.02,0.25,0,na_edit_undefined,,,,,,,,,,,
blob,bar_bend,mask,-0.02,0.25,1,na_edit_undefined,,,,,,,,,,,
blob,bar_bend,mask,-0.02,0.25,2,na_edit_undefined,,,,,,,,,,,
blob,bar_bend,mask,-0.02,0.5,0,na_edit_undefined,,,,,,,,,,,
blob,bar_bend,mask,-0.02,0.5,1,na_edit_undefined,,,,,,,,,,,
blob,bar_bend,mask,-0.02,0.5,2,na_edit_undefined,,,,,,,,,,,
blob,bar_bend,mask,-0.02,1.0,0,na_edit_undefined,,,,,,,,,,,
blob,bar_bend,mask,-0.02,1.0,1,na_edit_undefined,,,,,,,,,,,
blob,bar_bend,mask,-0.02,1.0,2,na_edit_undefined,,,,,,,,,,,
blob,bar_bend,mask,-0.02,4.0,0,na_edit_undefined,,,,,,,,,,,
blob,bar_bend,mask,-0.02,4.0,1,na_edit_undefined,,,,,,,,,,,
blob,bar_bend,mask,-0.02,4.0,2,na_edit_undefined,,,,,,,,,,,
blob,bar_bend,mask,-0.02,16.0,0,na_edit_undefined,,,,,,,,,,,
blob,bar_bend,mask,-0.02,16.0,1,na_edit_undefined,,,,,,,,,,,
blob,bar_bend,mask,-0.02,16.0,2,na_edit_undefined,,,,,,,,,,,
blob,bar_bend,mask,-0.02,64.0,0,na_edit_undefined,,,,,,,,,,,
blob,bar_bend,mask,-0.02,64.0,1,na_edit_undefined,,,,,,,,,,,
blob,bar_bend,mask,-0.02,64.0,2,na_edit_undefined,,,,,,,,,,,
blob,bar_bend,mask,0.0,0.25,0,na_edit_undefined,,,,,,,,,,,
blob,bar_bend,mask,0.0,0.25,1,na_edit_undefined,,,,,,,,,,,
blob,bar_bend,mask,0.0,0.25,2,na_edit_undefined,,,,,,,,,,,
blob,bar_bend,mask,0.0,0.5,0,na_edit_undefined,,,,,,,,,,,
blob,bar_bend,mask,0.0,0.5,1,na_edit_undefined,,,,,,,,,,,
blob,bar_bend,mask,0.0,0.5,2,na_edit_undefined,,,,,,,,,,,
blob,bar_bend,mask,0.0,1.0,0,na_edit_undefined,,,,,,,,,,,
blob,bar_bend,mask,0.0,1.0,1,na_edit_undefined,,,,,,,,,,,
blob,bar_bend,mask,0.0,1.0,2,na_edit_undefined,,,,,,,,,,,
blob,bar_bend,mask,0.0,4.0,0,na_edit_undefined,,,,,,,,,,,
blob,bar_bend,mask,0.0,4.0,1,na_edit_undefined,,,,,,,,,,,
blob,bar_bend,mask,0.0,4.0,2,na_edit_undefined,,,,,,,,,,,
blob,bar_bend,mask,0.0,16.0,0,na_edit_undefined,,,,,,,,,,,
blob,bar_bend,mask,0.0,16.0,1,na_edit_undefined,,,,,,,,,,,
blob,bar_bend,mask,0.0,16.0,2,na_edit_undefined,,,,,,,,,,,
blob,bar_bend,mask,0.0,64.0,0,na_edit_undefined,,,,,,,,,,,
blob,bar_bend,mask,0.0,64.0,1,na_edit_undefined,,,,,,,,,,,
blob,bar_bend,mask,0.0,64.0,2,na_edit_undefined,,,,,,,,,,,
blob,bar_bend,mask,0.02,0.25,0,na_edit_undefined,,,,,,,,,,,
blob,bar_bend,mask,0.02,0.25,1,na_edit_undefined,,,,,,,,,,,
blob,bar_bend,mask,0.02,0.25,2,na_edit_undefined,,,,,,,,,,,
blob,bar_bend,mask,0.02,0.5,0,na_edit_undefined,,,,,,,,,,,
blob,bar_bend,mask,0.02,0.5,1,na_edit_undefined,,,,,,,,,,,
blob,bar_bend,mask,0.02,0.5,2,na_edit_undefined,,,,,,,,,,,
blob,bar_bend,mask,0.02,1.0,0,na_edit_undefined,,,,,,,,,,,
blob,bar_bend,mask,0.02,1.0,1,na_edit_undefined,,,,,,,,,,,
blob,bar_bend,mask,0.02,1.0,2,na_edit_undefined,,,,,,,,,,,
blob,bar_bend,mask,0.02,4.0,0,na_edit_undefined,,,,,,,,,,,
blob,bar_bend,mask,0.02,4.0,1,na_edit_undefined,,,,,,,,,,,
blob,bar_bend,mask,0.02,4.0,2,na_edit_undefined,,,,,,,,,,,
blob,bar_bend,mask,0.02,16.0,0,na_edit_undefined,,,,,,,,,,,
blob,bar_bend,mask,0.02,16.0,1,na_edit_undefined,,,,,,,,,,,
blob,bar_bend,mask,0.02,16.0,2,na_edit_undefined,,,,,,,,,,,
blob,bar_bend,mask,0.02,64.0,0,na_edit_undefined,,,,,,,,,,,
blob,bar_bend,mask,0.02,64.0,1,na_edit_undefined,,,,,,,,,,,
blob,bar_bend,mask,0.02,64.0,2,na_edit_undefined,,,,,,,,,,,
blob,bar_bend,mask,0.04,0.25,0,na_edit_undefined,,,,,,,,,,,
blob,bar_bend,mask,0.04,0.25,1,na_edit_undefined,,,,,,,,,,,
blob,bar_bend,mask,0.04,0.25,2,na_edit_undefined,,,,,,,,,,,
blob,bar_bend,mask,0.04,0.5,0,na_edit_undefined,,,,,,,,,,,
blob,bar_bend,mask,0.04,0.5,1,na_edit_undefined,,,,,,,,,,,
blob,bar_bend,mask,0.04,0.5,2,na_edit_undefined,,,,,,,,,,,
blob,bar_bend,mask,0.04,1.0,0,na_edit_undefined,,,,,,,,,,,
blob,bar_bend,mask,0.04,1.0,1,na_edit_undefined,,,,,,,,,,,
blob,bar_bend,mask,0.04,1.0,2,na_edit_undefined,,,,,,,,,,,
blob,bar_bend,mask,0.04,4.0,0,na_edit_undefined,,,,,,,,,,,
blob,bar_bend,mask,0.04,4.0,1,na_edit_undefined,,,,,,,,,,,
blob,bar_bend,mask,0.04,4.0,2,na_edit_undefined,,,,,,,,,,,
blob,bar_bend,mask,0.04,16.0,0,na_edit_undefined,,,,,,,,,,,
blob,bar_bend,mask,0.04,16.0,1,na_edit_undefined,,,,,,,,,,,
blob,bar_bend,mask,0.04,16.0,2,na_edit_undefined,,,,,,,,,,,
blob,bar_bend,mask,0.04,64.0,0,na_edit_undefined,,,,,,,,,,,
blob,bar_bend,mask,0.04,64.0,1,na_edit_undefined,,,,,,,,,,,
blob,bar_bend,mask,0.04,64.0,2,na_edit_undefined,,,,,,,,,,,
bar,static_far,pin,-0.04,,0,ok,contained,0.1928542562655388,0.6473182388642693,1.063572890605576,0.29655505433381824,0.0,True,51,0.06256096863725077,P2,
bar,static_far,pin,-0.04,,1,ok,contained,0.19246107882878435,0.6458448718927017,1.103327126291921,0.307599689719565,0.0,True,41,0.07035837512472863,P2,
bar,static_far,pin,-0.04,,2,ok,contained,0.19578476083927196,0.6385866814312959,1.139128094570843,0.3061993451081106,0.0,True,76,0.061870631195865,P2,
bar,static_far,pin,-0.02,,0,ok,contained,0.18850124053447898,0.6585007308506349,0.995241391449042,0.277346686550976,0.0,True,50,0.07831268974034826,P2,
bar,static_far,pin,-0.02,,1,ok,contained,0.18620353519242777,0.6615591081007177,1.0167560029520482,0.2784775750154045,0.0,True,39,0.10147679455160631,P2,
bar,static_far,pin,-0.02,,2,ok,contained,0.19078614634405192,0.6529691489075655,1.073749974337874,0.28387704555619664,0.0,True,77,0.07987667004937418,P2,
bar,static_far,pin,0.0,,0,ok,contained,0.18270546170247895,0.6729736474839003,0.9140730042053241,0.25629292389059327,0.0,True,53,0.1035636256276217,P2,
bar,static_far,pin,0.0,,1,ok,contained,0.18024732682043076,0.6773797283582699,0.9423367399614075,0.2569235673082292,0.0,True,36,0.13580128137227937,P2,
bar,static_far,pin,0.0,,2,ok,contained,0.18549525014930662,0.6651369191808632,0.9814636467146634,0.2625927341207314,0.0,True,54,0.11312350264593032,P2,
bar,static_far,pin,0.02,,0,ok,contained,0.17676102159447862,0.6863408277925183,0.8248389662491951,0.2392498848035321,0.0,True,52,0.1435963528391208,P2,
bar,static_far,pin,0.02,,1,ok,contained,0.1749943686225504,0.6894988924297852,0.8665146354118329,0.24150514246671034,0.0,True,42,0.19178596986967214,P2,
bar,static_far,pin,0.02,,2,ok,contained,0.1796319614101699,0.6785017542959632,0.8971576738098055,0.24443173145033237,0.0,True,49,0.16518773071687173,P2,
bar,static_far,pin,0.04,,0,ok,contained,0.16982500241778944,0.6985752818071993,0.7187862108193575,0.22284023784918575,0.0,True,40,0.24138085957185434,P2,
bar,static_far,pin,0.04,,1,ok,contained,0.16913670655785798,0.7008726209858568,0.7447389801948465,0.2258641032953417,0.0,True,37,0.3420134413094475,P2,
bar,static_far,pin,0.04,,2,ok,contained,0.1738232640384171,0.6905108795674284,0.8080871020038651,0.2293501611128987,0.0,True,34,0.27213032803342574,P2,
blob,static_far,pin,-0.04,,0,ok,contained,0.1859717877984191,0.6993327013804496,2.378374443655849,0.31332621331314825,0.0,True,22,3.466212845054677,P2,
blob,static_far,pin,-0.04,,1,ok,contained,0.18081678484454222,0.7077235040687936,2.354365430822732,0.30251550090745144,0.0,True,25,2.4864112847752295,P2,
blob,static_far,pin,-0.04,,2,ok,contained,0.1839428382099434,0.7062470117596785,2.3607320546370145,0.3119140097158637,0.0,True,40,2.9639565488743242,P2,
blob,static_far,pin,-0.02,,0,ok,contained,0.18059343740368888,0.7257595429074354,2.318045112462154,0.27124178721345443,0.0,True,21,3.761331011346802,P2,
blob,static_far,pin,-0.02,,1,ok,contained,0.17694066440520423,0.7284268530128294,2.310609149204968,0.2733293572742729,0.0,True,24,2.6405829285754594,P2,
blob,static_far,pin,-0.02,,2,ok,contained,0.1801571595211751,0.7288110680705091,2.3146046475042774,0.27979116887436495,0.0,True,40,3.1455239146912612,P2,
blob,static_far,pin,0.0,,0,ok,contained,0.1753967220732819,0.747001199726423,2.2468659912471196,0.24124788723821497,0.0,True,19,4.092555148343573,P2,
blob,static_far,pin,0.0,,1,ok,contained,0.1719101635306776,0.7484391637676524,2.2425529391892427,0.2456561001463941,0.0,True,22,2.884656699037577,P2,
blob,static_far,pin,0.0,,2,ok,contained,0.17427883874778138,0.7474700128580275,2.2323621314963487,0.24929410271047808,0.0,True,29,3.546329443972228,P2,
blob,static_far,pin,0.02,,0,ok,contained,0.16990627758374505,0.7642181711770025,2.15942233853934,0.21594090021140352,0.0,True,19,4.592559778883885,P2,
blob,static_far,pin,0.02,,1,ok,contained,0.16715037821871195,0.7625769113166292,2.1596916100824424,0.2240639879501273,0.0,True,19,3.2025634670115455,P2,
blob,static_far,pin,0.02,,2,ok,contained,0.1691321537257092,0.7622538040490376,2.1508601003682806,0.2270279738017724,0.0,True,29,3.94726601695117,P2,
blob,static_far,pin,0.04,,0,ok,contained,0.16390857507787293,0.7776077631788858,2.0596773883010515,0.1933894465428319,0.0,True,17,5.374634740536992,P2,
blob,static_far,pin,0.04,,1,ok,contained,0.1619000423811351,0.7732899352051149,2.0481067020471135,0.205673933766146,0.0,True,17,3.7681650899601404,P2,
blob,static_far,pin,0.04,,2,ok,contained,0.162453520108763,0.7757527382445327,2.0380271190596346,0.20347712447672628,0.0,True,26,4.649463137832242,P2,
bar,static_far,pin_null,,,0,ok,contained,0.21549731455675133,0.5757456246940829,1.4201801774824934,0.43446492519738683,0.0,True,63,0.02124702570030319,P2,
blob,static_far,pin_null,,,0,ok,contained,0.18815710592863463,0.6840898202132698,2.3993310986940974,0.3392126290877089,0.0,True,23,3.3675550684163515,P2,
