panel,geometry,edit,partition,delta,R_frac,D_frac,degenerate
barxstatic_far,bar,static_far,default,-0.2,0.0,0.48,True
barxstatic_far,bar,static_far,default,-0.19,0.0,0.48,True
barxstatic_far,bar,static_far,default,-0.18,0.0,0.48,True
barxstatic_far,bar,static_far,default,-0.17,0.0,0.48,True
barxstatic_far,bar,static_far,default,-0.16,0.0,0.48,True
barxstatic_far,bar,static_far,default,-0.15,0.0,0.48,True
barxstatic_far,bar,static_far,default,-0.14,0.0,0.48,True
barxstatic_far,bar,static_far,default,-0.13,0.0,0.48,True
barxstatic_far,bar,static_far,default,-0.12,0.001,0.479,True
barxstatic_far,bar,static_far,default,-0.11,0.0185,0.4615,True
barxstatic_far,bar,static_far,default,-0.1,0.034,0.446,True
barxstatic_far,bar,static_far,default,-0.09,0.0545,0.4255,False
barxstatic_far,bar,static_far,default,-0.08,0.0745,0.4055,False
barxstatic_far,bar,static_far,default,-0.07,0.0965,0.3835,False
barxstatic_far,bar,static_far,default,-0.06,0.114,0.366,False
barxstatic_far,bar,static_far,default,-0.05,0.134,0.346,False
barxstatic_far,bar,static_far,default,-0.04,0.1585,0.3215,False
barxstatic_far,bar,static_far,default,-0.03,0.1835,0.2965,False
barxstatic_far,bar,static_far,default,-0.02,0.204,0.276,False
barxstatic_far,bar,static_far,default,-0.01,0.2225,0.2575,False
barxstatic_far,bar,static_far,default,0.0,0.24,0.24,False
barxstatic_far,bar,static_far,default,0.01,0.262,0.218,False
barxstatic_far,bar,static_far,default,0.02,0.282,0.198,False
barxstatic_far,bar,static_far,default,0.03,0.3035,0.1765,False
barxstatic_far,bar,static_far,default,0.04,0.326,0.154,False
barxstatic_far,bar,static_far,default,0.05,0.3475,0.1325,False
barxstatic_far,bar,static_far,default,0.06,0.3805,0.0995,False
barxstatic_far,bar,static_far,default,0.07,0.4095,0.0705,False
barxstatic_far,bar,static_far,default,0.08,0.436,0.044,True
barxstatic_far,bar,static_far,default,0.09,0.461,0.019,True
barxstatic_far,bar,static_far,default,0.1,0.48,0.0,True
barxstatic_far,bar,static_far,default,0.11,0.48,0.0,True
barxstatic_far,bar,static_far,default,0.12,0.48,0.0,True
barxstatic_far,bar,static_far,default,0.13,0.48,0.0,True
barxstatic_far,bar,static_far,default,0.14,0.48,0.0,True
barxstatic_far,bar,static_far,default,0.15,0.48,0.0,True
barxstatic_far,bar,static_far,default,0.16,0.48,0.0,True
barxstatic_far,bar,static_far,default,0.17,0.48,0.0,True
barxstatic_far,bar,static_far,default,0.18,0.48,0.0,True
barxstatic_far,bar,static_far,default,0.19,0.48,0.0,True
barxstatic_far,bar,static_far,default,0.2,0.48,0.0,True
barxstatic_far,bar,static_far,wide35,-0.2,0.0,0.63,True
barxstatic_far,bar,static_far,wide35,-0.19,0.0,0.63,True
barxstatic_far,bar,static_far,wide35,-0.18,0.0,0.63,True
barxstatic_far,bar,static_far,wide35,-0.17,0.0,0.63,True
barxstatic_far,bar,static_far,wide35,-0.16,0.0,0.63,True
barxstatic_far,bar,static_far,wide35,-0.15,0.012,0.618,True
barxstatic_far,bar,static_far,wide35,-0.14,0.0365,0.5935,True
barxstatic_far,bar,static_far,wide35,-0.13,0.0575,0.5725,False
barxstatic_far,bar,static_far,wide35,-0.12,0.075,0.555,False
barxstatic_far,bar,static_far,wide35,-0.11,0.092,0.538,False
barxstatic_far,bar,static_far,wide35,-0.1,0.113,0.517,False
barxstatic_far,bar,static_far,wide35,-0.09,0.1335,0.4965,False
barxstatic_far,bar,static_far,wide35,-0.08,0.154,0.476,False
barxstatic_far,bar,static_far,wide35,-0.07,0.1705,0.4595,False
barxstatic_far,bar,static_far,wide35,-0.06,0.1915,0.4385,False
barxstatic_far,bar,static_far,wide35,-0.05,0.21,0.42,False
barxstatic_far,bar,static_far,wide35,-0.04,0.229,0.401,False
barxstatic_far,bar,static_far,wide35,-0.03,0.251,0.379,False
barxstatic_far,bar,static_far,wide35,-0.02,0.27,0.36,False
barxstatic_far,bar,static_far,wide35,-0.01,0.291,0.339,False
barxstatic_far,bar,static_far,wide35,0.0,0.315,0.315,False
barxstatic_far,bar,static_far,wide35,0.01,0.34,0.29,False
barxstatic_far,bar,static_far,wide35,0.02,0.359,0.271,False
barxstatic_far,bar,static_far,wide35,0.03,0.3785,0.2515,False
barxstatic_far,bar,static_far,wide35,0.04,0.395,0.235,False
barxstatic_far,bar,static_far,wide35,0.05,0.418,0.212,False
barxstatic_far,bar,static_far,wide35,0.06,0.439,0.191,False
barxstatic_far,bar,static_far,wide35,0.07,0.46,0.17,False
barxstatic_far,bar,static_far,wide35,0.08,0.482,0.148,False
barxstatic_far,bar,static_far,wide35,0.09,0.5075,0.1225,False
barxstatic_far,bar,static_far,wide35,0.1,0.538,0.092,False
barxstatic_far,bar,static_far,wide35,0.11,0.571,0.059,False
barxstatic_far,bar,static_far,wide35,0.12,0.593,0.037,True
barxstatic_far,bar,static_far,wide35,0.13,0.6195,0.0105,True
barxstatic_far,bar,static_far,wide35,0.14,0.63,0.0,True
barxstatic_far,bar,static_far,wide35,0.15,0.63,0.0,True
barxstatic_far,bar,static_far,wide35,0.16,0.63,0.0,True
barxstatic_far,bar,static_far,wide35,0.17,0.63,0.0,True
barxstatic_far,bar,static_far,wide35,0.18,0.63,0.0,True
barxstatic_far,bar,static_far,wide35,0.19,0.63,0.0,True
barxstatic_far,bar,static_far,wide35,0.2,0.63,0.0,True
barxstatic_far,bar,static_far,wide25,-0.2,0.0,0.73,True
barxstatic_far,bar,static_far,wide25,-0.19,0.0,0.73,True
barxstatic_far,bar,static_far,wide25,-0.18,0.002,0.728,True
barxstatic_far,bar,static_far,wide25,-0.17,0.021,0.709,True
barxstatic_far,bar,static_far,wide25,-0.16,0.044,0.686,True
barxstatic_far,bar,static_far,wide25,-0.15,0.064,0.666,False
barxstatic_far,bar,static_far,wide25,-0.14,0.085,0.645,False
barxstatic_far,bar,static_far,wide25,-0.13,0.107,0.623,False
barxstatic_far,bar,static_far,wide25,-0.12,0.134,0.596,False
barxstatic_far,bar,static_far,wide25,-0.11,0.154,0.576,False
barxstatic_far,bar,static_far,wide25,-0.1,0.1735,0.5565,False
barxstatic_far,bar,static_far,wide25,-0.09,0.192,0.538,False
barxstatic_far,bar,static_far,wide25,-0.08,0.209,0.521,False
barxstatic_far,bar,static_far,wide25,-0.07,0.2325,0.4975,False
barxstatic_far,bar,static_far,wide25,-0.06,0.251,0.479,False
barxstatic_far,bar,static_far,wide25,-0.05,0.27,0.46,False
barxstatic_far,bar,static_far,wide25,-0.04,0.2875,0.4425,False
barxstatic_far,bar,static_far,wide25,-0.03,0.3075,0.4225,False
barxstatic_far,bar,static_far,wide25,-0.02,0.3275,0.4025,False
barxstatic_far,bar,static_far,wide25,-0.01,0.348,0.382,False
barxstatic_far,bar,static_far,wide25,0.0,0.365,0.365,False
barxstatic_far,bar,static_far,wide25,0.01,0.388,0.342,False
barxstatic_far,bar,static_far,wide25,0.02,0.4105,0.3195,False
barxstatic_far,bar,static_far,wide25,0.03,0.4365,0.2935,False
barxstatic_far,bar,static_far,wide25,0.04,0.457,0.273,False
barxstatic_far,bar,static_far,wide25,0.05,0.474,0.256,False
barxstatic_far,bar,static_far,wide25,0.06,0.493,0.237,False
barxstatic_far,bar,static_far,wide25,0.07,0.515,0.215,False
barxstatic_far,bar,static_far,wide25,0.08,0.5345,0.1955,False
barxstatic_far,bar,static_far,wide25,0.09,0.5565,0.1735,False
barxstatic_far,bar,static_far,wide25,0.1,0.5785,0.1515,False
barxstatic_far,bar,static_far,wide25,0.11,0.6025,0.1275,False
barxstatic_far,bar,static_far,wide25,0.12,0.6355,0.0945,False
barxstatic_far,bar,static_far,wide25,0.13,0.665,0.065,False
barxstatic_far,bar,static_far,wide25,0.14,0.689,0.041,True
barxstatic_far,bar,static_far,wide25,0.15,0.716,0.014,True
barxstatic_far,bar,static_far,wide25,0.16,0.73,0.0,True
barxstatic_far,bar,static_far,wide25,0.17,0.73,0.0,True
barxstatic_far,bar,static_far,wide25,0.18,0.73,0.0,True
barxstatic_far,bar,static_far,wide25,0.19,0.73,0.0,True
barxstatic_far,bar,static_far,wide25,0.2,0.73,0.0,True
blobxstatic_far,blob,static_far,default,-0.2,0.0,0.48,True
blobxstatic_far,blob,static_far,default,-0.19,0.0,0.48,True
blobxstatic_far,blob,static_far,default,-0.18,0.0,0.48,True
blobxstatic_far,blob,static_far,default,-0.17,0.0,0.48,True
blobxstatic_far,blob,static_far,default,-0.16,0.0,0.48,True
blobxstatic_far,blob,static_far,default,-0.15,0.0,0.48,True
blobxstatic_far,blob,static_far,default,-0.14,0.0,0.48,True
blobxstatic_far,blob,static_far,default,-0.13,0.0,0.48,True
blobxstatic_far,blob,static_far,default,-0.12,0.0,0.48,True
blobxstatic_far,blob,static_far,default,-0.11,0.0,0.48,True
blobxstatic_far,blob,static_far,default,-0.1,0.0,0.48,True
blobxstatic_far,blob,static_far,default,-0.09,0.0,0.48,True
blobxstatic_far,blob,static_far,default,-0.08,0.0,0.48,True
blobxstatic_far,blob,static_far,default,-0.07,0.0,0.48,True
blobxstatic_far,blob,static_far,default,-0.06,0.004,0.476,True
blobxstatic_far,blob,static_far,default,-0.05,0.021,0.459,True
blobxstatic_far,blob,static_far,default,-0.04,0.0525,0.4275,False
blobxstatic_far,blob,static_far,default,-0.03,0.0975,0.3825,False
blobxstatic_far,blob,static_far,default,-0.02,0.151,0.329,False
blobxstatic_far,blob,static_far,default,-0.01,0.1985,0.2815,False
blobxstatic_far,blob,static_far,default,0.0,0.24,0.24,False
blobxstatic_far,blob,static_far,default,0.01,0.277,0.203,False
blobxstatic_far,blob,static_far,default,0.02,0.317,0.163,False
blobxstatic_far,blob,static_far,default,0.03,0.3505,0.1295,False
blobxstatic_far,blob,static_far,default,0.04,0.3785,0.1015,False
blobxstatic_far,blob,static_far,default,0.05,0.4045,0.0755,False
blobxstatic_far,blob,static_far,default,0.06,0.424,0.056,False
blobxstatic_far,blob,static_far,default,0.07,0.4395,0.0405,True
blobxstatic_far,blob,static_far,default,0.08,0.4605,0.0195,True
blobxstatic_far,blob,static_far,default,0.09,0.4735,0.0065,True
blobxstatic_far,blob,static_far,default,0.1,0.4775,0.0025,True
blobxstatic_far,blob,static_far,default,0.11,0.4795,0.0005,True
blobxstatic_far,blob,static_far,default,0.12,0.48,0.0,True
blobxstatic_far,blob,static_far,default,0.13,0.48,0.0,True
blobxstatic_far,blob,static_far,default,0.14,0.48,0.0,True
blobxstatic_far,blob,static_far,default,0.15,0.48,0.0,True
blobxstatic_far,blob,static_far,default,0.16,0.48,0.0,True
blobxstatic_far,blob,static_far,default,0.17,0.48,0.0,True
blobxstatic_far,blob,static_far,default,0.18,0.48,0.0,True
blobxstatic_far,blob,static_far,default,0.19,0.48,0.0,True
blobxstatic_far,blob,static_far,default,0.2,0.48,0.0,True
blobxstatic_far,blob,static_far,wide35,-0.2,0.0,0.63,True
blobxstatic_far,blob,static_far,wide35,-0.19,0.0,0.63,True
blobxstatic_far,blob,static_far,wide35,-0.18,0.0,0.63,True
blobxstatic_far,blob,static_far,wide35,-0.17,0.0,0.63,True
blobxstatic_far,blob,static_far,wide35,-0.16,0.0,0.63,True
blobxstatic_far,blob,static_far,wide35,-0.15,0.0,0.63,True
blobxstatic_far,blob,static_far,wide35,-0.14,0.0,0.63,True
blobxstatic_far,blob,static_far,wide35,-0.13,0.0,0.63,True
blobxstatic_far,blob,static_far,wide35,-0.12,0.0,0.63,True
blobxstatic_far,blob,static_far,wide35,-0.11,0.0,0.63,True
blobxstatic_far,blob,static_far,wide35,-0.1,0.0,0.63,True
blobxstatic_far,blob,static_far,wide35,-0.09,0.0,0.63,True
blobxstatic_far,blob,static_far,wide35,-0.08,0.0,0.63,True
blobxstatic_far,blob,static_far,wide35,-0.07,0.0,0.63,True
blobxstatic_far,blob,static_far,wide35,-0.06,0.008,0.622,True
blobxstatic_far,blob,static_far,wide35,-0.05,0.044,0.586,True
blobxstatic_far,blob,static_far,wide35,-0.04,0.089,0.541,False
blobxstatic_far,blob,static_far,wide35,-0.03,0.153,0.477,False
blobxstatic_far,blob,static_far,wide35,-0.02,0.207,0.423,False
blobxstatic_far,blob,static_far,wide35,-0.01,0.2585,0.3715,False
blobxstatic_far,blob,static_far,wide35,0.0,0.315,0.315,False
blobxstatic_far,blob,static_far,wide35,0.01,0.3605,0.2695,False
blobxstatic_far,blob,static_far,wide35,0.02,0.4035,0.2265,False
blobxstatic_far,blob,static_far,wide35,0.03,0.439,0.191,False
blobxstatic_far,blob,static_far,wide35,0.04,0.475,0.155,False
blobxstatic_far,blob,static_far,wide35,0.05,0.507,0.123,False
blobxstatic_far,blob,static_far,wide35,0.06,0.534,0.096,False
blobxstatic_far,blob,static_far,wide35,0.07,0.5605,0.0695,False
blobxstatic_far,blob,static_far,wide35,0.08,0.577,0.053,False
blobxstatic_far,blob,static_far,wide35,0.09,0.5935,0.0365,True
blobxstatic_far,blob,static_far,wide35,0.1,0.6135,0.0165,True
blobxstatic_far,blob,static_far,wide35,0.11,0.624,0.006,True
blobxstatic_far,blob,static_far,wide35,0.12,0.628,0.002,True
blobxstatic_far,blob,static_far,wide35,0.13,0.63,0.0,True
blobxstatic_far,blob,static_far,wide35,0.14,0.63,0.0,True
blobxstatic_far,blob,static_far,wide35,0.15,0.63,0.0,True
blobxstatic_far,blob,static_far,wide35,0.16,0.63,0.0,True
blobxstatic_far,blob,static_far,wide35,0.17,0.63,0.0,True
blobxstatic_far,blob,static_far,wide35,0.18,0.63,0.0,True
blobxstatic_far,blob,static_far,wide35,0.19,0.63,0.0,True
blobxstatic_far,blob,static_far,wide35,0.2,0.63,0.0,True
blobxstatic_far,blob,static_far,wide25,-0.2,0.0,0.73,True
blobxstatic_far,blob,static_far,wide25,-0.19,0.0,0.73,True
blobxstatic_far,blob,static_far,wide25,-0.18,0.0,0.73,True
blobxstatic_far,blob,static_far,wide25,-0.17,0.0,0.73,True
blobxstatic_far,blob,static_far,wide25,-0.16,0.0,0.73,True
blobxstatic_far,blob,static_far,wide25,-0.15,0.0,0.73,True
blobxstatic_far,blob,static_far,wide25,-0.14,0.0,0.73,True
blobxstatic_far,blob,static_far,wide25,-0.13,0.0,0.73,True
blobxstatic_far,blob,static_far,wide25,-0.12,0.0,0.73,True
blobxstatic_far,blob,static_far,wide25,-0.11,0.0,0.73,True
blobxstatic_far,blob,static_far,wide25,-0.1,0.0,0.73,True
blobxstatic_far,blob,static_far,wide25,-0.09,0.0,0.73,True
blobxstatic_far,blob,static_far,wide25,-0.08,0.0,0.73,True
blobxstatic_far,blob,static_far,wide25,-0.07,0.001,0.729,True
blobxstatic_far,blob,static_far,wide25,-0.06,0.026,0.704,True
blobxstatic_far,blob,static_far,wide25,-0.05,0.0675,0.6625,False
blobxstatic_far,blob,static_far,wide25,-0.04,0.1295,0.6005,False
blobxstatic_far,blob,static_far,wide25,-0.03,0.192,0.538,False
blobxstatic_far,blob,static_far,wide25,-0.02,0.26,0.47,False
blobxstatic_far,blob,static_far,wide25,-0.01,0.315,0.415,False
blobxstatic_far,blob,static_far,wide25,0.0,0.365,0.365,False
blobxstatic_far,blob,static_far,wide25,0.01,0.4205,0.3095,False
blobxstatic_far,blob,static_far,wide25,0.02,0.464,0.266,False
blobxstatic_far,blob,static_far,wide25,0.03,0.5065,0.2235,False
blobxstatic_far,blob,static_far,wide25,0.04,0.5425,0.1875,False
blobxstatic_far,blob,static_far,wide25,0.05,0.5785,0.1515,False
blobxstatic_far,blob,static_far,wide25,0.06,0.6085,0.1215,False
blobxstatic_far,blob,static_far,wide25,0.07,0.637,0.093,False
blobxstatic_far,blob,static_far,wide25,0.08,0.663,0.067,False
blobxstatic_far,blob,static_far,wide25,0.09,0.6785,0.0515,False
blobxstatic_far,blob,static_far,wide25,0.1,0.6955,0.0345,True
blobxstatic_far,blob,static_far,wide25,0.11,0.7155,0.0145,True
blobxstatic_far,blob,static_far,wide25,0.12,0.724,0.006,True
blobxstatic_far,blob,static_far,wide25,0.13,0.7285,0.0015,True
blobxstatic_far,blob,static_far,wide25,0.14,0.73,0.0,True
blobxstatic_far,blob,static_far,wide25,0.15,0.73,0.0,True
blobxstatic_far,blob,static_far,wide25,0.16,0.73,0.0,True
blobxstatic_far,blob,static_far,wide25,0.17,0.73,0.0,True
blobxstatic_far,blob,static_far,wide25,0.18,0.73,0.0,True
blobxstatic_far,blob,static_far,wide25,0.19,0.73,0.0,True
blobxstatic_far,blob,static_far,wide25,0.2,0.73,0.0,True
barxbar_bend,bar,bar_bend,default,-0.2,0.222,0.6225,False
barxbar_bend,bar,bar_bend,default,-0.19,0.236,0.6085,False
barxbar_bend,bar,bar_bend,default,-0.18,0.245,0.5995,False
barxbar_bend,bar,bar_bend,default,-0.17,0.2565,0.588,False
barxbar_bend,bar,bar_bend,default,-0.16,0.264,0.5805,False
barxbar_bend,bar,bar_bend,default,-0.15,0.275,0.5695,False
barxbar_bend,bar,bar_bend,default,-0.14,0.2875,0.557,False
barxbar_bend,bar,bar_bend,default,-0.13,0.3005,0.544,False
barxbar_bend,bar,bar_bend,default,-0.12,0.31,0.5345,False
barxbar_bend,bar,bar_bend,default,-0.11,0.3175,0.527,False
barxbar_bend,bar,bar_bend,default,-0.1,0.3275,0.517,False
barxbar_bend,bar,bar_bend,default,-0.09,0.3385,0.506,False
barxbar_bend,bar,bar_bend,default,-0.08,0.347,0.4975,False
barxbar_bend,bar,bar_bend,default,-0.07,0.357,0.4875,False
barxbar_bend,bar,bar_bend,default,-0.06,0.366,0.4785,False
barxbar_bend,bar,bar_bend,default,-0.05,0.378,0.4665,False
barxbar_bend,bar,bar_bend,default,-0.04,0.3855,0.459,False
barxbar_bend,bar,bar_bend,default,-0.03,0.397,0.4475,False
barxbar_bend,bar,bar_bend,default,-0.02,0.404,0.4405,False
barxbar_bend,bar,bar_bend,default,-0.01,0.412,0.4325,False
barxbar_bend,bar,bar_bend,default,0.0,0.4225,0.422,False
barxbar_bend,bar,bar_bend,default,0.01,0.4295,0.415,False
barxbar_bend,bar,bar_bend,default,0.02,0.4385,0.406,False
barxbar_bend,bar,bar_bend,default,0.03,0.4495,0.395,False
barxbar_bend,bar,bar_bend,default,0.04,0.4635,0.381,False
barxbar_bend,bar,bar_bend,default,0.05,0.4785,0.366,False
barxbar_bend,bar,bar_bend,default,0.06,0.4905,0.354,False
barxbar_bend,bar,bar_bend,default,0.07,0.4995,0.345,False
barxbar_bend,bar,bar_bend,default,0.08,0.51,0.3345,False
barxbar_bend,bar,bar_bend,default,0.09,0.5175,0.327,False
barxbar_bend,bar,bar_bend,default,0.1,0.5265,0.318,False
barxbar_bend,bar,bar_bend,default,0.11,0.5335,0.311,False
barxbar_bend,bar,bar_bend,default,0.12,0.541,0.3035,False
barxbar_bend,bar,bar_bend,default,0.13,0.5525,0.292,False
barxbar_bend,bar,bar_bend,default,0.14,0.5625,0.282,False
barxbar_bend,bar,bar_bend,default,0.15,0.5735,0.271,False
barxbar_bend,bar,bar_bend,default,0.16,0.585,0.2595,False
barxbar_bend,bar,bar_bend,default,0.17,0.594,0.2505,False
barxbar_bend,bar,bar_bend,default,0.18,0.604,0.2405,False
barxbar_bend,bar,bar_bend,default,0.19,0.616,0.2285,False
barxbar_bend,bar,bar_bend,default,0.2,0.626,0.2185,False
