geometry,edit,K,gamma_norm,seed,status,regime,support_norm,frac_within,decay_length,residual_fraction,floored_fraction,is_degenerate,kernel_live,n_edges,converged,energy_final,error_msg
bar,bar_bend,4,1.0,0,ok,global,,,3.6462195281768444,1.5899865380835607,0.0,False,True,4953,False,0.0007651705614191439,
bar,bar_bend,4,1.0,1,ok,global,,,3.488849939278741,1.7088056296135639,0.0,False,True,4987,False,0.0006735683756891671,
bar,bar_bend,4,1.0,2,ok,global,,,3.60104984577665,1.4820974781423841,0.0,False,True,4982,False,0.0009279448491605672,
bar,bar_bend,4,2.0,0,ok,global,,,3.662238116126182,1.577555453433381,0.0,False,True,4953,False,0.0004827098085204592,
bar,bar_bend,4,2.0,1,ok,global,,,3.4530183157806116,1.6854566982975645,0.0,False,True,4987,False,0.0004256681382019651,
bar,bar_bend,4,2.0,2,ok,global,,,3.5812952234968636,1.507088143858728,0.0,False,True,4982,False,0.0005773918169265152,
bar,bar_bend,4,3.0,0,ok,global,,,3.6680567934393493,1.5666451621613038,0.0,False,True,4953,False,0.00030484954591550355,
bar,bar_bend,4,3.0,1,ok,global,,,3.403121534686752,1.6626672104157225,0.0,False,True,4987,False,0.00026988491761881727,
bar,bar_bend,4,3.0,2,ok,global,,,3.539187907085342,1.5343482901712902,0.0,False,True,4982,False,0.0003613377760729382,
bar,bar_bend,4,5.0,0,ok,global,,,3.6581791202029046,1.547621921728178,0.0,False,True,4953,False,0.00012496804373208966,
bar,bar_bend,4,5.0,1,ok,global,,,3.27027101440909,1.6172868089801,0.0,False,True,4987,False,0.00011175867961895952,
bar,bar_bend,4,5.0,2,ok,global,,,3.3834828437933404,1.5956036360206858,0.0,False,True,4982,False,0.00014641913088975662,
bar,bar_bend,4,20.0,0,ok,global,,,9.561729284703155,1.4849494208709595,0.019180294770845954,False,True,4953,False,4.132758194647552e-06,
bar,bar_bend,4,20.0,1,ok,contained,0.508804444447799,0.2704897947399131,9.453796957365633,0.9709509179437222,0.01985161419691197,False,True,4987,False,4.207799926722484e-06,
bar,bar_bend,4,20.0,2,ok,global,,,9.498700267360478,1.5148057531259798,0.01625853071055801,False,True,4982,False,4.622895944155797e-06,
bar,bar_bend,4,50.0,0,ok,global,,,9.561729284703155,1.1926006849608304,0.45103977387441957,False,True,4953,False,3.352474217017075e-07,
bar,bar_bend,4,50.0,1,ok,global,,,9.453796957365633,1.044820214650069,0.44676158010828154,False,True,4987,False,5.000366867797433e-07,
bar,bar_bend,4,50.0,2,ok,global,,,9.498700267360478,1.2232425888216996,0.4393817743877961,False,True,4982,True,3.479489246291958e-09,
bar,bar_bend,6,1.0,0,ok,global,,,3.7257732373348618,1.5644406771136046,0.0,False,True,7254,False,0.0021000190612418075,
bar,bar_bend,6,1.0,1,ok,global,,,3.7474574360211346,1.5737170790790453,0.0,False,True,7281,False,0.0019349690059046144,
bar,bar_bend,6,1.0,2,ok,global,,,3.7421818504851574,1.3935450856485445,0.0,False,True,7237,False,0.0023438140076075813,
bar,bar_bend,6,2.0,0,ok,global,,,3.72381960200552,1.5751290569477177,0.0,False,True,7254,False,0.0011318506998101942,
bar,bar_bend,6,2.0,1,ok,global,,,3.6984538237557603,1.5831119929709319,0.0,False,True,7281,False,0.0010542410006207001,
bar,bar_bend,6,2.0,2,ok,global,,,3.7412910574989495,1.4039151175327091,0.0,False,True,7237,False,0.0013050395034976156,
bar,bar_bend,6,3.0,0,ok,global,,,3.7174827939453996,1.5796612737798212,0.0,False,True,7254,False,0.0006225926022577162,
bar,bar_bend,6,3.0,1,ok,global,,,3.6345141792642095,1.5842383902684725,0.0,False,True,7281,False,0.0005868862467501252,
bar,bar_bend,6,3.0,2,ok,global,,,3.7261277572597846,1.4168182434228136,0.0,False,True,7237,False,0.0007395476495597836,
bar,bar_bend,6,5.0,0,ok,global,,,3.6850076224426003,1.5755733372348235,0.0,False,True,7254,False,0.00020372329283528646,
bar,bar_bend,6,5.0,1,ok,global,,,3.4530002572395295,1.5640503216722421,0.0,False,True,7281,False,0.00019478392771651322,
bar,bar_bend,6,5.0,2,ok,global,,,3.642139689611503,1.4502163596117463,0.0,False,True,7237,False,0.0002539016327448995,
bar,bar_bend,6,20.0,0,ok,global,,,9.561729284703155,1.529994501066505,0.057761235180590016,False,True,7254,False,4.6583392578457365e-06,
bar,bar_bend,6,20.0,1,ok,global,,,9.453796957365633,1.0315484411118323,0.05864579041340475,False,True,7281,False,5.063793330231197e-06,
bar,bar_bend,6,20.0,2,ok,global,,,9.498700267360478,1.574793779154701,0.051955230067707615,False,True,7237,False,4.985251034626319e-06,
bar,bar_bend,6,50.0,0,ok,degenerate,,,9.561729284703155,1.0184282461973024,0.6071133167907361,True,False,7254,False,3.4261064509624193e-07,
bar,bar_bend,6,50.0,1,ok,degenerate,,,9.453796957365633,1.0979815885688191,0.6074715011674221,True,False,7281,False,4.993205660203979e-07,
bar,bar_bend,6,50.0,2,ok,degenerate,,,9.498700267360478,1.3725541208359917,0.5996960066325826,True,False,7237,True,6.107624616574273e-09,
bar,bar_bend,8,1.0,0,ok,global,,,3.823602393076368,1.5324537098402393,0.0,False,True,9525,True,0.0035822940423702776,
bar,bar_bend,8,1.0,1,ok,global,,,3.722905500438294,1.5495850787287921,0.0,False,True,9545,True,0.0031721513963667318,
bar,bar_bend,8,1.0,2,ok,global,,,3.718043859419407,1.397894685845568,0.0,False,True,9517,True,0.004062985241932098,
bar,bar_bend,8,2.0,0,ok,global,,,3.820024775251424,1.5468803014698516,0.0,False,True,9525,False,0.0017452663537326292,
bar,bar_bend,8,2.0,1,ok,global,,,3.688371497810468,1.558777654420005,0.0,False,True,9545,True,0.0015699158933039595,
bar,bar_bend,8,2.0,2,ok,global,,,3.745868229996783,1.4026836927268087,0.0,False,True,9517,True,0.0020462218723982513,
bar,bar_bend,8,3.0,0,ok,global,,,3.8049161369878735,1.559158878769009,0.0,False,True,9525,False,0.0008858903891693438,
bar,bar_bend,8,3.0,1,ok,global,,,3.6345192352941935,1.563484617828547,0.0,False,True,9545,False,0.0008086884092575863,
bar,bar_bend,8,3.0,2,ok,global,,,3.7497446046758185,1.4108516859885294,0.0,False,True,9517,False,0.0010635537433319067,
bar,bar_bend,8,5.0,0,ok,global,,,3.7525242724875283,1.565853470361662,0.0,False,True,9525,False,0.00025733928052928723,
bar,bar_bend,8,5.0,1,ok,global,,,3.46640623610405,1.5510240969788631,0.0,False,True,9545,False,0.00023931748702534663,
bar,bar_bend,8,5.0,2,ok,global,,,3.6854100484545897,1.4385680813720267,0.0,False,True,9517,False,0.0003199179126167469,
bar,bar_bend,8,20.0,0,ok,global,,,9.561729284703155,1.5265849878431694,0.12188976377952757,False,True,9525,False,4.726208550844662e-06,
bar,bar_bend,8,20.0,1,ok,contained,0.5089370917347918,0.27712029584284503,9.453796957365633,0.997122296321379,0.12090099528548978,False,True,9545,False,5.133593866610829e-06,
bar,bar_bend,8,20.0,2,ok,global,,,9.498700267360478,1.5783046581792695,0.11442681517284858,False,True,9517,False,5.02686827199701e-06,
bar,bar_bend,8,50.0,0,ok,degenerate,,,9.561729284703155,1.0807158151635619,0.6992125984251969,True,False,9525,False,3.5035250926305583e-07,
bar,bar_bend,8,50.0,1,ok,degenerate,,,9.453796957365633,1.1044566560008051,0.6998428496595076,True,False,9545,False,5.010760132001942e-07,
bar,bar_bend,8,50.0,2,ok,degenerate,,,9.498700267360478,1.3854530923199704,0.6942313754334349,True,False,9517,True,8.97119559397469e-09,
bar,bar_bend,12,1.0,0,ok,global,,,3.8321056811147423,1.4895342708917692,0.0,False,True,14102,True,0.0069435798485207425,
bar,bar_bend,12,1.0,1,ok,global,,,3.724054158438047,1.4868035913619417,0.0,False,True,14074,True,0.006184665573803004,
bar,bar_bend,12,1.0,2,ok,global,,,3.7118727195172245,1.3905213469756967,0.0,False,True,14045,True,0.007377989712191949,
bar,bar_bend,12,2.0,0,ok,global,,,3.82785408376887,1.524061251915156,0.0,False,True,14102,True,0.0028569355612057382,
bar,bar_bend,12,2.0,1,ok,global,,,3.6853501321492055,1.5088335431756357,0.0,False,True,14074,True,0.0025566338142821044,
bar,bar_bend,12,2.0,2,ok,global,,,3.7429441764565277,1.3946489115586307,0.0,False,True,14045,True,0.003185596406814045,
bar,bar_bend,12,3.0,0,ok,global,,,3.821189592313538,1.5483954418563306,0.0,False,True,14102,False,0.0012757361175667733,
bar,bar_bend,12,3.0,1,ok,global,,,3.6463630864069954,1.521018696364054,0.0,False,True,14074,True,0.0011504769793441079,
bar,bar_bend,12,3.0,2,ok,global,,,3.765057661625831,1.4009836768700026,0.0,False,True,14045,False,0.0014770939331220164,
bar,bar_bend,12,5.0,0,ok,global,,,3.7748785669116023,1.5684043843974025,0.0,False,True,14102,False,0.0003130227824948218,
bar,bar_bend,12,5.0,1,ok,global,,,3.491999413505446,1.524889770508947,0.0,False,True,14074,False,0.0002867387786643869,
bar,bar_bend,12,5.0,2,ok,global,,,3.7155491804561733,1.4264841857638606,0.0,False,True,14045,False,0.00038372759484696524,
bar,bar_bend,12,20.0,0,ok,global,,,9.561729284703155,1.5286224322916406,0.29137710962983976,False,True,14102,False,4.745152477483913e-06,
bar,bar_bend,12,20.0,1,ok,contained,0.5080965430998082,0.2786999119072472,9.453796957365633,0.9913975043997804,0.2893278385675714,False,True,14074,False,5.1547359610360475e-06,
bar,bar_bend,12,20.0,2,ok,global,,,9.498700267360478,1.5772992647641224,0.2824492702029192,False,True,14045,False,5.042120606834065e-06,
bar,bar_bend,12,50.0,0,ok,degenerate,,,9.561729284703155,1.1957319762671683,0.7968373280385761,True,False,14102,True,3.7966116975580184e-07,
bar,bar_bend,12,50.0,1,ok,degenerate,,,9.453796957365633,1.1533130903098197,0.7964331391217848,True,False,14074,False,5.055812241975661e-07,
bar,bar_bend,12,50.0,2,ok,degenerate,,,9.498700267360478,1.3954654763672496,0.7925240299038804,True,False,14045,False,1.500601376678145e-08,
bar,bar_bend,16,1.0,0,ok,global,,,3.8378761395757923,1.483767497639785,0.0,False,True,18721,True,0.010263030413163298,
bar,bar_bend,16,1.0,1,ok,global,,,3.7102837028517266,1.482810523208079,0.0,False,True,18644,True,0.009101444989501157,
bar,bar_bend,16,1.0,2,ok,global,,,3.723997357812399,1.3719937152870343,0.0,False,True,18671,True,0.010892589864186853,
bar,bar_bend,16,2.0,0,ok,global,,,3.841206930645599,1.518779687931246,0.0,False,True,18721,True,0.0037124360311066224,
bar,bar_bend,16,2.0,1,ok,global,,,3.674802293895264,1.504085189744175,0.0,False,True,18644,True,0.0032899439753062676,
bar,bar_bend,16,2.0,2,ok,global,,,3.7521020979338164,1.377842640947013,0.0,False,True,18671,True,0.004105367714487812,
bar,bar_bend,16,3.0,0,ok,global,,,3.8375083568166053,1.543987830655376,0.0,False,True,18721,True,0.0015163224330139074,
bar,bar_bend,16,3.0,1,ok,global,,,3.6407796001538806,1.5169057000383799,0.0,False,True,18644,True,0.001350540728521558,
bar,bar_bend,16,3.0,2,ok,global,,,3.772498177229483,1.3876725905076857,0.0,False,True,18671,False,0.0017386634296142163,
bar,bar_bend,16,5.0,0,ok,global,,,3.7865434884775095,1.5682045612127538,0.0,False,True,18721,False,0.00033615390943031833,
bar,bar_bend,16,5.0,1,ok,global,,,3.493845462302226,1.5231898676732036,0.0,False,True,18644,False,0.0003045429393083049,
bar,bar_bend,16,5.0,2,ok,global,,,3.7226674022601647,1.4177169052293994,0.00016067698569974828,False,True,18671,False,0.000409443780222053,
bar,bar_bend,16,20.0,0,ok,global,,,9.561729284703155,1.5287717232400395,0.44677100582233853,False,True,18721,False,4.755095773493243e-06,
bar,bar_bend,16,20.0,1,ok,contained,0.5078883328884944,0.27919646293782474,9.453796957365633,0.9906539376879091,0.4452370735893585,False,True,18644,False,5.169034121095093e-06,
bar,bar_bend,16,20.0,2,ok,global,,,9.498700267360478,1.5766947369265527,0.43720207808901507,False,True,18671,False,5.051202106739934e-06,
bar,bar_bend,16,50.0,0,ok,degenerate,,,9.561729284703155,1.2899554318493562,0.8469633032423481,True,False,18721,True,4.2395991022952945e-07,
bar,bar_bend,16,50.0,1,ok,degenerate,,,9.453796957365633,1.1306135081560242,0.8463312593863977,True,False,18644,False,5.119405621178402e-07,
bar,bar_bend,16,50.0,2,ok,degenerate,,,9.498700267360478,1.3855739383143493,0.8439290878903112,True,False,18671,False,2.1814632277499206e-08,
bar,bar_bend,32,1.0,0,ok,global,,,3.8235651810619653,1.5160510269495147,0.0,False,True,37314,True,0.020610387303958446,
bar,bar_bend,32,1.0,1,ok,global,,,3.7301295644080756,1.4513927797254023,0.0,False,True,37123,True,0.01900487383021737,
bar,bar_bend,32,1.0,2,ok,global,,,3.735604226455977,1.360389659270911,0.0,False,True,37149,True,0.02194014098765514,
bar,bar_bend,32,2.0,0,ok,global,,,3.84609821361128,1.538740424837122,0.0,False,True,37314,True,0.0053253754735237,
bar,bar_bend,32,2.0,1,ok,global,,,3.6856614471522127,1.4750811952276897,0.0,False,True,37123,True,0.004754199714571859,
bar,bar_bend,32,2.0,2,ok,global,,,3.750691394202192,1.3764019668494212,0.0,False,True,37149,True,0.005880313134866015,
bar,bar_bend,32,3.0,0,ok,global,,,3.8483422594267545,1.5532027114343048,0.0,False,True,37314,False,0.0018212466888615744,
bar,bar_bend,32,3.0,1,ok,global,,,3.644484075218429,1.4985522984626016,8.08124343398971e-05,False,True,37123,True,0.0016130109750514422,
bar,bar_bend,32,3.0,2,ok,global,,,3.768539026141222,1.3899162381787107,5.383724999327034e-05,False,True,37149,True,0.0020824675307814415,
bar,bar_bend,32,5.0,0,ok,global,,,3.7945144075078523,1.570504726039175,0.0073698879777027385,False,True,37314,False,0.0003518240360539646,
bar,bar_bend,32,5.0,1,ok,global,,,3.4929716353063873,1.518403931336185,0.006060932575492282,False,True,37123,False,0.00031678999985693715,
bar,bar_bend,32,5.0,2,ok,global,,,3.722644615683084,1.4181547586458598,0.012947858623381518,False,True,37149,False,0.00042782659876799067,
bar,bar_bend,32,20.0,0,ok,degenerate,,,9.561729284703155,1.5309498684455758,0.7213378356648978,True,False,37314,False,4.805235369954192e-06,
bar,bar_bend,32,20.0,1,ok,degenerate,,,9.453796957365633,0.9885965492540879,0.7203081647496161,True,False,37123,False,5.246872900980047e-06,
bar,bar_bend,32,20.0,2,ok,degenerate,,,9.498700267360478,1.57445438619471,0.715335540660583,True,False,37149,False,5.09753574223202e-06,
bar,bar_bend,32,50.0,0,ok,degenerate,,,9.561729284703155,1.3623651373904333,0.9232191670686606,True,False,37314,True,5.627561375843849e-07,
bar,bar_bend,32,50.0,1,ok,degenerate,,,9.453796957365633,1.2264898020665271,0.9228241252053982,True,False,37123,False,5.292369211241721e-07,
bar,bar_bend,32,50.0,2,ok,degenerate,,,9.498700267360478,1.424770430641263,0.9215591267598051,True,False,37149,True,5.51615589174897e-08,
bar,static_far,4,1.0,0,ok,contained,0.2160443706296398,0.5727380712018278,1.4072182071388297,0.436946118933257,0.0,False,True,4953,False,0.053437451132563984,
bar,static_far,4,1.0,1,ok,contained,0.21257777893303356,0.5787862490097201,1.3702123572804443,0.43175963781366483,0.0,False,True,4987,True,0.0716611811087651,
bar,static_far,4,1.0,2,ok,contained,0.2146633332245144,0.5753268845573069,1.4289609533871335,0.4219206623079793,0.0,False,True,4982,False,0.0483890950136671,
bar,static_far,4,2.0,0,ok,contained,0.21578325241510718,0.5735751863923054,1.4004978036959665,0.4350224716431295,0.0,False,True,4953,False,0.03301149568344363,
bar,static_far,4,2.0,1,ok,contained,0.21246238559413616,0.5794126813360136,1.3701534393923325,0.4311032312860674,0.0,False,True,4987,False,0.04378336360520542,
bar,static_far,4,2.0,2,ok,contained,0.21455610615405896,0.5761681483997464,1.4338074696297198,0.4214623189302438,0.0,False,True,4982,False,0.02968474890181526,
bar,static_far,4,3.0,0,ok,contained,0.21549276466962966,0.5744850966838528,1.3930815257284355,0.43285649255746894,0.0,False,True,4953,False,0.020338487754718776,
bar,static_far,4,3.0,1,ok,contained,0.2123882298411714,0.5799981877288467,1.3715476380256066,0.430801280636581,0.0,False,True,4987,False,0.026774162261998163,
bar,static_far,4,3.0,2,ok,contained,0.2145137787006605,0.5768104157683577,1.4398681272356186,0.4215004445281663,0.0,False,True,4982,False,0.018245403393869986,
bar,static_far,4,5.0,0,ok,contained,0.21489496832194915,0.576217527320517,1.377232768738245,0.42826832884749266,0.0,False,True,4953,False,0.007764847240094933,
bar,static_far,4,5.0,1,ok,contained,0.2124027659622111,0.5807877542112143,1.3779492160124083,0.4314797689387324,0.0,False,True,4987,False,0.010115954068186585,
bar,static_far,4,5.0,2,ok,contained,0.21467850241662256,0.5772125534418453,1.4555099598383814,0.42338902741829404,0.0,False,True,4982,False,0.00700520617443761,
bar,static_far,4,20.0,0,ok,contained,0.21342308697419315,0.5727371041254598,1.2682588106351687,0.40868657559950733,0.019180294770845954,False,True,4953,False,3.922109231009195e-05,
bar,static_far,4,20.0,1,ok,contained,0.2223398790194754,0.5531218133525132,1.517034273086433,0.5130076169007091,0.01985161419691197,False,True,4987,False,5.066604352839499e-05,
bar,static_far,4,20.0,2,ok,contained,0.22048151232730945,0.5562144948345792,1.4732364153028872,0.4665842120199869,0.01625853071055801,False,True,4982,False,4.8159674217188275e-05,
bar,static_far,4,50.0,0,ok,contained,0.21533270202463678,0.5586236493687011,1.2304865457946195,0.416248496044153,0.45103977387441957,False,True,4953,False,5.495611039167704e-08,
bar,static_far,4,50.0,1,ok,contained,0.2177302725380465,0.5552754431865343,1.299321260598084,0.4617764969060583,0.44676158010828154,False,True,4987,False,2.819014027103357e-07,
bar,static_far,4,50.0,2,ok,contained,0.2216522335619086,0.5469411524705926,1.555237467544106,0.47656610076941225,0.4393817743877961,False,True,4982,False,4.3106810822925325e-07,
bar,static_far,6,1.0,0,ok,contained,0.21615317364023676,0.5730155697062831,1.4256188564749825,0.4385530500724924,0.0,False,True,7254,True,0.13124341514363191,
bar,static_far,6,1.0,1,ok,contained,0.21313627669125979,0.5774437269427074,1.3915035193509546,0.43703373865810047,0.0,False,True,7281,True,0.1594219649590582,
bar,static_far,6,1.0,2,ok,contained,0.21485094302188498,0.5751660462668994,1.4444093763792687,0.42497484731510177,0.0,False,True,7237,True,0.12900153839885134,
bar,static_far,6,2.0,0,ok,contained,0.21593849516382568,0.5738845540173874,1.422114522592229,0.43716486456829046,0.0,False,True,7254,True,0.07221553318102418,
bar,static_far,6,2.0,1,ok,contained,0.21314652296052625,0.5776098278604339,1.3929306964028372,0.4372338135621552,0.0,False,True,7281,True,0.08924901403163489,
bar,static_far,6,2.0,2,ok,contained,0.21474791187332518,0.5760706501185195,1.4508841116870723,0.42455594473903047,0.0,False,True,7237,True,0.07079630348123375,
bar,static_far,6,3.0,0,ok,contained,0.21571743209158437,0.5747416787615994,1.4182212346449563,0.4356817845670931,0.0,False,True,7254,True,0.04039934175978358,
bar,static_far,6,3.0,1,ok,contained,0.21313886163483098,0.5778624555065137,1.3938348523049469,0.437281241044275,0.0,False,True,7281,True,0.050755307330311215,
bar,static_far,6,3.0,2,ok,contained,0.2147136410615141,0.5766983988569186,1.4576675152245895,0.4245807853305399,0.0,False,True,7237,True,0.03965403369772618,
bar,static_far,6,5.0,0,ok,contained,0.2152789263887902,0.5762852017540224,1.4093823551019231,0.43256774925324065,0.0,False,True,7254,True,0.013359967850883859,
bar,static_far,6,5.0,1,ok,contained,0.21315498360786897,0.5783420697986951,1.3960587406914469,0.43763615978525633,0.0,False,True,7281,True,0.017114918117570075,
bar,static_far,6,5.0,2,ok,contained,0.21484675674009696,0.5772007352128133,1.4728218671795572,0.42598617576139713,0.0,False,True,7237,False,0.013205039217242679,
bar,static_far,6,20.0,0,ok,contained,0.21412467119801032,0.5711427690648886,1.3005655363798614,0.4149074978019478,0.057761235180590016,False,True,7254,False,4.246844841875535e-05,
bar,static_far,6,20.0,1,ok,contained,0.2228208767814846,0.5517198885632867,1.5260525748513343,0.5179363548504086,0.05864579041340475,False,True,7281,False,5.5329367938963644e-05,
bar,static_far,6,20.0,2,ok,contained,0.22059542047374703,0.5562838530149571,1.4902451919553532,0.46771527399648555,0.051955230067707615,False,True,7237,False,5.108575694772559e-05,
bar,static_far,6,50.0,0,ok,degenerate,,,1.2789594635042927,0.4312149678323169,0.6071133167907361,True,False,7254,False,8.209440303013244e-08,
bar,static_far,6,50.0,1,ok,degenerate,,,1.3140837606315243,0.46793486989804434,0.6074715011674221,True,False,7281,False,3.2299952633258997e-07,
bar,static_far,6,50.0,2,ok,degenerate,,,1.5608553059118262,0.48274997233171846,0.5996960066325826,True,False,7237,False,4.551454210832211e-07,
bar,static_far,8,1.0,0,ok,contained,0.21640424216668963,0.5713930803476603,1.4249599135248698,0.4400998021151297,0.0,False,True,9525,True,0.2182483657832016,
bar,static_far,8,1.0,1,ok,contained,0.21358722102214303,0.5759456941647007,1.4023449547575315,0.44070446349613895,0.0,False,True,9545,True,0.2623745139659694,
bar,static_far,8,1.0,2,ok,contained,0.2153560583399335,0.5726891108981562,1.4411052288724768,0.4283087895168981,0.0,False,True,9517,True,0.22828068976418092,
bar,static_far,8,2.0,0,ok,contained,0.21615598774464698,0.5726172574460433,1.423429858355488,0.4385559908244403,0.0,False,True,9525,True,0.11000952030021827,
bar,static_far,8,2.0,1,ok,contained,0.21344368898974272,0.5766453145683895,1.4012773521142485,0.4396641490160572,0.0,False,True,9545,True,0.13459512240247534,
bar,static_far,8,2.0,2,ok,contained,0.21515162340604435,0.5741553195833288,1.4490934376179176,0.42729621899784187,0.0,False,True,9517,True,0.1130022430030932,
bar,static_far,8,3.0,0,ok,contained,0.21592399655763628,0.5737010716087284,1.421458173566888,0.43707823221876685,0.0,False,True,9525,True,0.0575642211047263,
bar,static_far,8,3.0,1,ok,contained,0.21331509927318745,0.5772855438697697,1.4000999491460981,0.43872137741590495,0.0,False,True,9545,True,0.07152879425170411,
bar,static_far,8,3.0,2,ok,contained,0.21502126752250142,0.575303229040421,1.457070580666074,0.42674616464062964,0.0,False,True,9517,True,0.0579770678850703,
bar,static_far,8,5.0,0,ok,contained,0.21549105566615662,0.5754677664163844,1.4154777355321948,0.43415039243033116,0.0,False,True,9525,True,0.017317809477871864,
bar,static_far,8,5.0,1,ok,contained,0.21314183304090314,0.5783127369445771,1.3986757357897956,0.4375107552588764,0.0,False,True,9545,True,0.021928633451486462,
bar,static_far,8,5.0,2,ok,contained,0.21499720453896307,0.5766141774884989,1.4735574870170065,0.42716750001512444,0.0,False,True,9517,True,0.0169075877394051,
bar,static_far,8,20.0,0,ok,contained,0.21417015525932845,0.5711955991345866,1.3033801650297996,0.4155542695890591,0.12188976377952757,False,True,9525,False,4.341828068545961e-05,
bar,static_far,8,20.0,1,ok,contained,0.22277927002142547,0.5517503426013473,1.5231374513759615,0.5174441833770602,0.12090099528548978,False,True,9545,False,5.565083430903304e-05,
bar,static_far,8,20.0,2,ok,contained,0.2206168175880595,0.556158435911686,1.4903110410180729,0.46783166103678586,0.11442681517284858,False,True,9517,False,5.125294668380996e-05,
bar,static_far,8,50.0,0,ok,degenerate,,,1.321751435367377,0.4461994815710654,0.6992125984251969,True,False,9525,False,1.1052147597376611e-07,
bar,static_far,8,50.0,1,ok,degenerate,,,1.3122732177114953,0.46411370649224076,0.6998428496595076,True,False,9545,False,3.709706483767593e-07,
bar,static_far,8,50.0,2,ok,degenerate,,,1.541041255864281,0.4817200660698247,0.6942313754334349,True,False,9517,False,4.899909856617877e-07,
bar,static_far,12,1.0,0,ok,contained,0.21633075713875885,0.5719905471682172,1.4294064264534065,0.4398868651227792,0.0,False,True,14102,True,0.4078886779552694,
bar,static_far,12,1.0,1,ok,contained,0.21348714332972876,0.5750563122596888,1.390018898603055,0.4391809492165133,0.0,False,True,14074,True,0.5026066264212079,
bar,static_far,12,1.0,2,ok,contained,0.21580267845995216,0.5712316458713189,1.4525749862963633,0.4320688328549675,0.0,False,True,14045,True,0.41559662124281466,
bar,static_far,12,2.0,0,ok,contained,0.2161302164508599,0.5731105814605754,1.4288484029047588,0.4387711698295498,0.0,False,True,14102,True,0.1758955344328551,
bar,static_far,12,2.0,1,ok,contained,0.21352463130840435,0.5756770859130463,1.3966686068981238,0.4398701498669851,0.0,False,True,14074,True,0.21744633344524827,
bar,static_far,12,2.0,2,ok,contained,0.215581591021519,0.5728646466512567,1.4612340527494196,0.43097086994376244,0.0,False,True,14045,True,0.17734147674465753,
bar,static_far,12,3.0,0,ok,contained,0.2159147858294223,0.5741168916764973,1.4268178427827665,0.43738976979904803,0.0,False,True,14102,True,0.08205023241025364,
bar,static_far,12,3.0,1,ok,contained,0.2134724271188416,0.576415299845382,1.3997306035891675,0.43972553599765457,0.0,False,True,14074,True,0.10192225005323896,
bar,static_far,12,3.0,2,ok,contained,0.2153995458122706,0.5742122183533291,1.4680736747351713,0.4299993557933848,0.0,False,True,14045,True,0.08129104713270222,
bar,static_far,12,5.0,0,ok,contained,0.21549731455675133,0.5757456246940829,1.4201801774824934,0.43446492519738683,0.0,False,True,14102,True,0.02124702570030319,
bar,static_far,12,5.0,1,ok,contained,0.2133035963577778,0.5777506655466483,1.4008826854013408,0.43872254660803506,0.0,False,True,14074,True,0.02669101451409203,
bar,static_far,12,5.0,2,ok,contained,0.21524589899994415,0.5759183288493771,1.4814456470901094,0.4293336753151517,0.0,False,True,14045,True,0.020375434728405518,
bar,static_far,12,20.0,0,ok,contained,0.2142452414225424,0.5708817577860955,1.3034445279137912,0.4160069826655757,0.29137710962983976,False,True,14102,False,4.368132238269439e-05,
bar,static_far,12,20.0,1,ok,contained,0.22275913247422022,0.5517277422477448,1.5204931966276203,0.5171656636726366,0.2893278385675714,False,True,14074,False,5.582747103969522e-05,
bar,static_far,12,20.0,2,ok,contained,0.2206211283715926,0.5560667352789095,1.4903195156416444,0.4677991461663079,0.2824492702029192,False,True,14045,False,5.136124183232911e-05,
bar,static_far,12,50.0,0,ok,degenerate,,,1.3612422827325072,0.4540263673902117,0.7968373280385761,True,False,14102,False,1.7281685325280945e-07,
bar,static_far,12,50.0,1,ok,degenerate,,,1.310070329934028,0.46436753071955006,0.7964331391217848,True,False,14074,False,4.867124468553294e-07,
bar,static_far,12,50.0,2,ok,degenerate,,,1.501447516347797,0.4756920322181895,0.7925240299038804,True,False,14045,False,5.809337401826087e-07,
bar,static_far,16,1.0,0,ok,contained,0.21614639847245293,0.572025635276128,1.4217962385794083,0.43830913587554315,0.0,False,True,18721,True,0.5996261948192811,
bar,static_far,16,1.0,1,ok,contained,0.21358206607534416,0.5747894386102843,1.3925748714602444,0.44007273284758436,0.0,False,True,18644,True,0.7220112414298101,
bar,static_far,16,1.0,2,ok,contained,0.2158531478567384,0.5706940714306815,1.449670419475644,0.43224114397226326,0.0,False,True,18671,True,0.6143665986331768,
bar,static_far,16,2.0,0,ok,contained,0.21601984768302918,0.5730541878920776,1.4238658819004868,0.43776652128798166,0.0,False,True,18721,True,0.22685075815064362,
bar,static_far,16,2.0,1,ok,contained,0.21361021225054064,0.57550535338228,1.4002720104827753,0.440746486308295,0.0,False,True,18644,True,0.27574405695908966,
bar,static_far,16,2.0,2,ok,contained,0.21566420313083962,0.5724680273458747,1.4617931754169589,0.4315692820138062,0.0,False,True,18671,True,0.22847910400922603,
bar,static_far,16,3.0,0,ok,contained,0.2158521785809343,0.5740399507541706,1.423911287347356,0.43678474260269584,0.0,False,True,18721,True,0.0968883662493794,
bar,static_far,16,3.0,1,ok,contained,0.21354471745820078,0.5763010132573868,1.403473482533601,0.44049759030571634,0.0,False,True,18644,True,0.11889698865212038,
bar,static_far,16,3.0,2,ok,contained,0.21548518767681657,0.573939036589222,1.4701826069239647,0.4307094547978065,0.0,False,True,18671,True,0.0954521975286517,
bar,static_far,16,5.0,0,ok,contained,0.21548933177426538,0.5756818246321006,1.4198419862609022,0.4343660986681766,0.0,False,True,18721,True,0.022748608591768478,
bar,static_far,16,5.0,1,ok,contained,0.21334550713465616,0.5776989766196992,1.4034677818558656,0.439179537179569,0.0,False,True,18644,True,0.028448135163822406,
bar,static_far,16,5.0,2,ok,contained,0.21530362548943802,0.5757944067265749,1.483741354528919,0.42985337267982804,0.00016067698569974828,False,True,18671,True,0.02168945604210376,
bar,static_far,16,20.0,0,ok,contained,0.214279553870333,0.5707374248384112,1.3034124331627854,0.41625593007372935,0.44677100582233853,False,True,18721,False,4.378736546773612e-05,
bar,static_far,16,20.0,1,ok,contained,0.22274416119211318,0.5517204527297876,1.51940062108518,0.5169870623614281,0.4452370735893585,False,True,18644,False,5.5923034172611104e-05,
bar,static_far,16,20.0,2,ok,contained,0.22062295687778746,0.5560102633560484,1.4907817678530197,0.4677667830990286,0.43720207808901507,False,True,18671,False,5.144738049606039e-05,
bar,static_far,16,50.0,0,ok,degenerate,,,1.3650862462362026,0.4563698119437511,0.8469633032423481,True,False,18721,False,2.4132693309296615e-07,
bar,static_far,16,50.0,1,ok,degenerate,,,1.3034408919200131,0.4614552033635419,0.8463312593863977,True,False,18644,False,6.219324266383958e-07,
bar,static_far,16,50.0,2,ok,degenerate,,,1.4808887162735054,0.47155556070443666,0.8439290878903112,True,False,18671,False,6.649540612560612e-07,
bar,static_far,32,1.0,0,ok,contained,0.21639082593655914,0.5713112209595722,1.426690843215924,0.4402251767101226,0.0,False,True,37314,True,1.2007273511299463,
bar,static_far,32,1.0,1,ok,contained,0.2138659471801082,0.5740519330888397,1.400144775179124,0.442541032677563,0.0,False,True,37123,True,1.4127517030794272,
bar,static_far,32,1.0,2,ok,contained,0.21587632788363278,0.5706734078264811,1.4516938714479923,0.43265224199399677,0.0,False,True,37149,True,1.2344480392790396,
bar,static_far,32,2.0,0,ok,contained,0.21616697776502578,0.5726384193679936,1.4271676818717143,0.43894753318324004,0.0,False,True,37314,True,0.3236372555066396,
bar,static_far,32,2.0,1,ok,contained,0.21389877937645815,0.5749998140946425,1.4097965182600236,0.44339857384369563,0.0,False,True,37123,True,0.38566772847144987,
bar,static_far,32,2.0,2,ok,contained,0.21568514243588746,0.5725120666656949,1.464611375743919,0.4319496076710753,0.0,False,True,37149,True,0.3264326263791873,
bar,static_far,32,3.0,0,ok,contained,0.2159566057224213,0.5737613070613661,1.426503443694965,0.4376397857691976,0.0,False,True,37314,True,0.11547833476348167,
bar,static_far,32,3.0,1,ok,contained,0.2137576605040732,0.5759654676414537,1.4109105807270597,0.4424807914455449,8.08124343398971e-05,False,True,37123,True,0.1400331712653465,
bar,static_far,32,3.0,2,ok,contained,0.21552718153329056,0.5739008811322256,1.473093648892594,0.43120418624233153,5.383724999327034e-05,False,True,37149,True,0.11405623075246395,
bar,static_far,32,5.0,0,ok,contained,0.2155343241221862,0.5755825672958831,1.42120071378304,0.4347479027983333,0.0073698879777027385,False,True,37314,True,0.023719855231908837,
bar,static_far,32,5.0,1,ok,contained,0.21342013292495646,0.5775859019682624,1.4062189725676135,0.43988149121473225,0.006060932575492282,False,True,37123,True,0.029587582791023033,
bar,static_far,32,5.0,2,ok,contained,0.21534008195878224,0.575717233713688,1.4855877397428885,0.4302140455714869,0.012947858623381518,False,True,37149,True,0.022656599657960363,
bar,static_far,32,20.0,0,ok,degenerate,,,1.3032367023609515,0.4171494760085567,0.7213378356648978,True,False,37314,False,4.4288548152294246e-05,
bar,static_far,32,20.0,1,ok,degenerate,,,1.5130630506886888,0.5159997130395838,0.7203081647496161,True,False,37123,False,5.6442578744060955e-05,
bar,static_far,32,20.0,2,ok,degenerate,,,1.4922992038645517,0.46765422861504174,0.715335540660583,True,False,37149,False,5.190834898607434e-05,
bar,static_far,32,50.0,0,ok,degenerate,,,1.3845058790284464,0.46760328803580703,0.9232191670686606,True,False,37314,False,5.705078724515331e-07,
bar,static_far,32,50.0,1,ok,degenerate,,,1.2731651387259046,0.4544044346468514,0.9228241252053982,True,False,37123,False,1.2297333147442993e-06,
bar,static_far,32,50.0,2,ok,degenerate,,,1.453938935629679,0.47129125900973334,0.9215591267598051,True,False,37149,False,1.1312474161718424e-06,
blob,static_far,4,1.0,0,ok,contained,0.18662045105816935,0.6971969722913406,2.433349071525888,0.3233251755181686,0.0,False,True,4961,True,6.197426796101238,
blob,static_far,4,1.0,1,ok,contained,0.18025040548362153,0.712309463640006,2.3262214875962273,0.2986611451662921,0.0,False,True,4930,True,4.582027683001156,
blob,static_far,4,1.0,2,ok,contained,0.18362829833379246,0.7128729205825843,2.420186683530783,0.3024056836749369,0.0,False,True,4900,False,5.364649407593183,
blob,static_far,4,2.0,0,ok,contained,0.18659474431278278,0.6977462999865954,2.4335420853726575,0.3226888303496825,0.0,False,True,4961,True,4.060915210382426,
blob,static_far,4,2.0,1,ok,contained,0.18037567891647846,0.713010467747472,2.3362117157303226,0.2979569345118202,0.0,False,True,4930,False,2.9525234758087104,
blob,static_far,4,2.0,2,ok,contained,0.18385752214134898,0.712975644071318,2.4244630444913327,0.3035157196342522,0.0,False,True,4900,False,3.5795330587645573,
blob,static_far,4,3.0,0,ok,contained,0.18653391467805958,0.6986968756906039,2.433880488619963,0.32157382702773507,0.0,False,True,4961,True,2.6725148989965404,
blob,static_far,4,3.0,1,ok,contained,0.18047324647776175,0.7140391144000654,2.346292438300451,0.2969054717584867,0.0,False,True,4930,False,1.9047614300249622,
blob,static_far,4,3.0,2,ok,contained,0.1841040095302393,0.7132664111571687,2.429577323788813,0.3046134023863066,0.0,False,True,4900,False,2.39245215004254,
blob,static_far,4,5.0,0,ok,contained,0.18634285568733253,0.7015733724421673,2.4346213434839603,0.3182640348371295,0.0,False,True,4961,True,1.1732651779840149,
blob,static_far,4,5.0,1,ok,contained,0.18058247933876237,0.7169829542139826,2.3671659743390254,0.2937311441436241,0.0,False,True,4930,False,0.7995883876280059,
blob,static_far,4,5.0,2,ok,contained,0.18459874207958143,0.7143372558079224,2.440911639489659,0.30657025300855767,0.0,False,True,4900,False,1.0761158946195568,
blob,static_far,4,20.0,0,ok,contained,0.18577032794671902,0.7252209898259112,2.4477523056700043,0.2981547710707748,0.013102197137673856,False,True,4961,False,0.004092530304169615,
blob,static_far,4,20.0,1,ok,contained,0.1815200252790985,0.7310619496542972,2.431506294671939,0.2852923083504418,0.012170385395537525,False,True,4930,False,0.0024796051200162107,
blob,static_far,4,20.0,2,ok,contained,0.1860477293773029,0.7282106097905954,2.4713103612449054,0.30528545304971916,0.012040816326530613,False,True,4900,False,0.004363339959775225,
blob,static_far,4,50.0,0,ok,contained,0.18406416399474906,0.7306867315938652,2.3814602709485833,0.2919699755298463,0.45938318887321106,False,True,4961,False,4.747628107595114e-06,
blob,static_far,4,50.0,1,ok,contained,0.17886961952989297,0.7253059698160473,2.2743162330293045,0.28639904999803933,0.45496957403651117,False,True,4930,False,1.476412001508056e-06,
blob,static_far,4,50.0,2,ok,contained,0.18703646248502143,0.7331995670947615,2.736846063616092,0.3027891450747349,0.4704081632653061,False,True,4900,False,6.614161290883994e-06,
blob,static_far,6,1.0,0,ok,contained,0.18827019792250724,0.6835287165983275,2.435017695068768,0.33876721813324884,0.0,False,True,7165,True,15.647930969068351,
blob,static_far,6,1.0,1,ok,contained,0.18204511966654024,0.695034391313762,2.332115463567813,0.31956465506839316,0.0,False,True,7234,True,12.356805392073714,
blob,static_far,6,1.0,2,ok,contained,0.18404938091792397,0.6986226029975783,2.350226483545401,0.31886945884348883,0.0,False,True,7126,True,12.563674659131085,
blob,static_far,6,2.0,0,ok,contained,0.18826510528229334,0.6842079604903276,2.430342215177427,0.3387645796316549,0.0,False,True,7165,True,9.36091616981804,
blob,static_far,6,2.0,1,ok,contained,0.18199349728778777,0.6968164794094379,2.343929900304536,0.31729319145062046,0.0,False,True,7234,True,7.230747626809205,
blob,static_far,6,2.0,2,ok,contained,0.1842459646330886,0.6997010739795566,2.3631194546431917,0.3184550700237204,0.0,False,True,7126,True,7.6621726260537795,
blob,static_far,6,3.0,0,ok,contained,0.18819597770738886,0.6854402755548002,2.4264763126047075,0.3379405883176579,0.0,False,True,7165,True,5.674913898617269,
blob,static_far,6,3.0,1,ok,contained,0.1819424288483245,0.6989979048450788,2.3561226213666067,0.3147231898057222,0.0,False,True,7234,True,4.290547382648324,
blob,static_far,6,3.0,2,ok,contained,0.18444010274302375,0.7010745611364784,2.376189288228876,0.317880578730182,0.0,False,True,7126,True,4.725124083473556,
blob,static_far,6,5.0,0,ok,contained,0.18787690412191993,0.6894498402079021,2.422177172443814,0.33389590061985375,0.0,False,True,7165,True,2.166579587289757,
blob,static_far,6,5.0,1,ok,contained,0.18180116193070453,0.7039667232759381,2.3785910863430253,0.30905321315206674,0.0,False,True,7234,True,1.5688242393691558,
blob,static_far,6,5.0,2,ok,contained,0.18481458847364599,0.7043204015342824,2.401532284058734,0.3165889839485738,0.0,False,True,7126,True,1.8588011192414493,
blob,static_far,6,20.0,0,ok,contained,0.18586965204027536,0.7244815466439205,2.4478770230467166,0.2986599414230431,0.04689462665736218,False,True,7165,False,0.0046596763880571625,
blob,static_far,6,20.0,1,ok,contained,0.1814181813403027,0.7288470760326918,2.427129692029669,0.28631683497057625,0.048520873652197954,False,True,7234,False,0.002901333022352243,
blob,static_far,6,20.0,2,ok,contained,0.18672081870999557,0.7244123008450414,2.4819623898166463,0.3112716301074361,0.04392365983721583,False,True,7126,False,0.004914558755853431,
blob,static_far,6,50.0,0,ok,degenerate,,,2.367165605689984,0.29517712170150007,0.6142358688066992,True,False,7165,False,5.383465252355709e-06,
blob,static_far,6,50.0,1,ok,degenerate,,,2.275776851815956,0.30588851355205515,0.6148742051423832,True,False,7234,False,2.0194765164444685e-06,
blob,static_far,6,50.0,2,ok,degenerate,,,2.604801947545736,0.31061936134515866,0.6269997193376369,True,False,7126,False,7.3914482636342425e-06,
blob,static_far,8,1.0,0,ok,contained,0.18854106248629113,0.6790866281713172,2.4199961016937834,0.34241753235675504,0.0,False,True,9413,True,25.82302034082192,
blob,static_far,8,1.0,1,ok,contained,0.1817780211427062,0.6910806150221853,2.3187333970217665,0.32189783099645536,0.0,False,True,9485,True,19.47178044321175,
blob,static_far,8,1.0,2,ok,contained,0.18335662792236562,0.6957233130233372,2.311736201283626,0.31946942585071497,0.0,False,True,9388,True,19.66490618179258,
blob,static_far,8,2.0,0,ok,contained,0.18853194030507314,0.6797786741021354,2.4155271366899065,0.34247453686243656,0.0,False,True,9413,True,14.286930999773933,
blob,static_far,8,2.0,1,ok,contained,0.18185877768684916,0.692941283037813,2.332261637410296,0.32021010627987057,0.0,False,True,9485,True,10.648129303045307,
blob,static_far,8,2.0,2,ok,contained,0.18371661362591477,0.6967086769654616,2.3285714239757644,0.31974758885443544,0.0,False,True,9388,True,11.218931657209607,
blob,static_far,8,3.0,0,ok,contained,0.18847110202356998,0.681162843459469,2.413411944294041,0.34171046813867245,0.0,False,True,9413,True,8.110989965188494,
blob,static_far,8,3.0,1,ok,contained,0.18190176467669025,0.6953081017219438,2.346035705300172,0.3179301105640555,0.0,False,True,9485,True,5.965724703701378,
blob,static_far,8,3.0,2,ok,contained,0.18404759268512372,0.6981953405766423,2.3454548265448794,0.3195846743093391,0.0,False,True,9388,True,6.534541085406445,
blob,static_far,8,5.0,0,ok,contained,0.18819532166082062,0.6855620325780608,2.413641771401702,0.3379697242174178,0.0,False,True,9413,True,2.8033757721165533,
blob,static_far,8,5.0,1,ok,contained,0.18187273618705602,0.7008141438844986,2.371360320067459,0.31232048071242785,0.0,False,True,9485,True,1.9951029398684317,
blob,static_far,8,5.0,2,ok,contained,0.18462998023477814,0.7020469258157236,2.378459177544406,0.3184843579229908,0.0,False,True,9388,True,2.347975241830377,
blob,static_far,8,20.0,0,ok,contained,0.18599795427691426,0.7233952899733361,2.446583972583691,0.3002247656925511,0.10793583342186339,False,True,9413,False,0.004823649690140575,
blob,static_far,8,20.0,1,ok,contained,0.18141528151636266,0.7286598902340929,2.425270997264894,0.28665939742916663,0.11027938850817079,False,True,9485,False,0.002962231325841944,
blob,static_far,8,20.0,2,ok,contained,0.1868010009346645,0.724153696420045,2.4830602358696994,0.3118126399209662,0.10289731572219855,False,True,9388,False,0.0050252075392242315,
blob,static_far,8,50.0,0,ok,degenerate,,,2.348278706801426,0.29724138595952965,0.7060448316158504,True,False,9413,False,6.177835132812055e-06,
blob,static_far,8,50.0,1,ok,degenerate,,,2.2670318241219936,0.3064398553250758,0.7054296257248287,True,False,9485,False,2.4355032903796436e-06,
blob,static_far,8,50.0,2,ok,degenerate,,,2.513148502688045,0.3109217891863301,0.7165530464422667,True,False,9388,False,8.137696290577637e-06,
blob,static_far,12,1.0,0,ok,contained,0.1881707764757993,0.6762237687700874,2.3944759714306025,0.34280494295650754,0.0,False,True,13866,True,44.10558212230353,
blob,static_far,12,1.0,1,ok,contained,0.18178847779904952,0.6874225800079997,2.306038609078792,0.32494919697983005,0.0,False,True,13941,True,34.52013962897281,
blob,static_far,12,1.0,2,ok,contained,0.18360952334568542,0.6909911901786222,2.3072662898703955,0.3235916490872481,0.0,False,True,13850,True,36.398691623976696,
blob,static_far,12,2.0,0,ok,contained,0.18830739075602373,0.6770575172694837,2.391384315599235,0.3437193820418683,0.0,False,True,13866,True,21.622868911328453,
blob,static_far,12,2.0,1,ok,contained,0.18192412702480504,0.6894032970029089,2.3217904985461195,0.3234152447979779,0.0,False,True,13941,True,16.64468726652226,
blob,static_far,12,2.0,2,ok,contained,0.18395349721464946,0.692093210237999,2.3219842917471754,0.3240692505589737,0.0,False,True,13850,True,18.220702800193887,
blob,static_far,12,3.0,0,ok,contained,0.18833366691944087,0.6788621458977547,2.3917480785676655,0.3431759438842638,0.0,False,True,13866,True,11.13904992318341,
blob,static_far,12,3.0,1,ok,contained,0.181982615293515,0.6922141102258226,2.3373446259117197,0.3208919971492711,0.0,False,True,13941,True,8.42628504692055,
blob,static_far,12,3.0,2,ok,contained,0.18425887264484,0.6939520074928366,2.3372944290112856,0.32376312648237027,0.0,False,True,13850,True,9.528772375363326,
blob,static_far,12,5.0,0,ok,contained,0.18815710592863463,0.6840898202132698,2.3993310986940974,0.3392126290877089,0.0,False,True,13866,True,3.3675550684163515,
blob,static_far,12,5.0,1,ok,contained,0.18194018115148916,0.6987135982936676,2.364926510420456,0.3144948747419246,0.0,False,True,13941,True,2.4461762067511272,
blob,static_far,12,5.0,2,ok,contained,0.18478939796481414,0.6989081634907676,2.3693246391310505,0.3218359776540363,0.0,False,True,13850,True,2.929878035245431,
blob,static_far,12,20.0,0,ok,contained,0.18598722441767432,0.7233989834148693,2.446378815067712,0.3001546375956773,0.2835713255444973,False,True,13866,False,0.004843179807309465,
blob,static_far,12,20.0,1,ok,contained,0.18141581742021595,0.7285872975434571,2.4248845786955253,0.2867376421888959,0.2823326877555412,False,True,13941,False,0.002975074683226028,
blob,static_far,12,20.0,2,ok,contained,0.1868216431443836,0.7240666557995755,2.483267354593718,0.3119817442770265,0.27855595667870037,False,True,13850,False,0.005048786318070741,
blob,static_far,12,50.0,0,ok,degenerate,,,2.3293408281424104,0.2974650388595734,0.8004471368815809,True,False,13866,False,7.60922496389399e-06,
blob,static_far,12,50.0,1,ok,degenerate,,,2.2731559740600074,0.31216194620452714,0.799583960978409,True,False,13941,False,3.5240976650792443e-06,
blob,static_far,12,50.0,2,ok,degenerate,,,2.4522239240072703,0.3114944676179519,0.807870036101083,True,False,13850,False,9.834248443188639e-06,
blob,static_far,16,1.0,0,ok,contained,0.18805261790561134,0.6734904960384339,2.368254291223268,0.3449105071339282,0.0,False,True,18285,True,62.15520317561127,
blob,static_far,16,1.0,1,ok,contained,0.18137154291152005,0.6852526424000137,2.2859517660696964,0.32575625116869683,0.0,False,True,18436,True,48.87643942194243,
blob,static_far,16,1.0,2,ok,contained,0.18397873107806373,0.6872119344587022,2.3055345630284907,0.32841171277866477,0.0,False,True,18279,True,53.490572000058805,
blob,static_far,16,2.0,0,ok,contained,0.1883351730789912,0.6744773276379895,2.3734229976899006,0.3462537320338992,0.0,False,True,18285,True,27.569029427785917,
blob,static_far,16,2.0,1,ok,contained,0.18167971656086446,0.6872780687440357,2.306286991364262,0.3247065116761734,0.0,False,True,18436,True,21.246082367050356,
blob,static_far,16,2.0,2,ok,contained,0.18426335521804538,0.6887026451134096,2.319296990957831,0.32835699365473797,0.0,False,True,18279,True,23.88523121892958,
blob,static_far,16,3.0,0,ok,contained,0.1884205052120753,0.6767298076808808,2.3798395265745405,0.345554105582432,0.0,False,True,18285,True,13.164144149002421,
blob,static_far,16,3.0,1,ok,contained,0.18183383986157647,0.6904431710988059,2.3257390441051835,0.3221256097942689,0.0,False,True,18436,True,9.953990006854225,
blob,static_far,16,3.0,2,ok,contained,0.18449354933031895,0.6912197566461205,2.334167798896043,0.32721718504500136,0.0,False,True,18279,True,11.453894600708873,
blob,static_far,16,5.0,0,ok,contained,0.18823724042949844,0.6829256048550394,2.3942179269248767,0.34063301224303794,0.0,False,True,18285,True,3.625176249836388,
blob,static_far,16,5.0,1,ok,contained,0.18188104574042424,0.697764215041498,2.3589370692661653,0.3152336387989368,0.0,False,True,18436,True,2.6329357514452987,
blob,static_far,16,5.0,2,ok,contained,0.18489867688360614,0.6974939544949994,2.3663943295414436,0.3236459969163403,0.0,False,True,18279,True,3.1693326607571466,
blob,static_far,16,20.0,0,ok,contained,0.18598373344314054,0.723387590859044,2.44630835217324,0.3001400986372099,0.4418922614164616,False,True,18285,False,0.004845668313935187,
blob,static_far,16,20.0,1,ok,contained,0.18141683633808667,0.7285549648644701,2.4248131353289666,0.2867683330930815,0.43946626166196573,False,True,18436,False,0.0029771650448677136,
blob,static_far,16,20.0,2,ok,contained,0.18682236021430235,0.7240434176598249,2.4832075053536222,0.3120068354257772,0.4400131298211062,False,True,18279,False,0.005050799288327107,
blob,static_far,16,50.0,0,ok,degenerate,,,2.317766664883731,0.30058194943619926,0.8486737763193875,True,False,18285,False,8.96176385732711e-06,
blob,static_far,16,50.0,1,ok,degenerate,,,2.2596695905388637,0.3132800956345589,0.8484486873508353,True,False,18436,False,4.5644579775676955e-06,
blob,static_far,16,50.0,2,ok,degenerate,,,2.4326022743292106,0.313108863771749,0.8544231084851469,True,False,18279,False,1.157459652928823e-05,
blob,static_far,32,1.0,0,ok,contained,0.18776268898426926,0.6679381749980298,2.326477143567431,0.349062243397643,0.0,False,True,35991,True,125.59165977921243,
blob,static_far,32,1.0,1,ok,contained,0.18163357967583232,0.6799914627392059,2.2820922875662246,0.3311893220915268,0.0,False,True,36130,True,101.66015574172663,
blob,static_far,32,1.0,2,ok,contained,0.18395341425800035,0.6805203023397088,2.280496320149589,0.3349936017630465,0.0,False,True,36017,True,111.06765070499857,
blob,static_far,32,2.0,0,ok,contained,0.1884536074739593,0.6694185512997909,2.3481681192698978,0.3516200411762916,0.0,False,True,35991,True,41.48234625489324,
blob,static_far,32,2.0,1,ok,contained,0.18216860569530752,0.682672776155937,2.3069137403889433,0.33062538320091844,0.0,False,True,36130,True,32.6016816753067,
blob,static_far,32,2.0,2,ok,contained,0.18446593337293618,0.6831598357246711,2.2997280431579883,0.3348246521591835,0.0,False,True,36017,True,36.30163787478242,
blob,static_far,32,3.0,0,ok,contained,0.1886138880440319,0.6732006923237988,2.3654823354970604,0.349708167726382,0.0,False,True,35991,True,16.451754634760555,
blob,static_far,32,3.0,1,ok,contained,0.18223046921993014,0.6873659872040591,2.327034473242789,0.3264133470747291,0.0,False,True,36130,True,12.60018300602443,
blob,static_far,32,3.0,2,ok,contained,0.18468965507881735,0.687561977906386,2.3207619342808967,0.33177519241532016,0.0,False,True,36017,True,14.35540059004315,
blob,static_far,32,5.0,0,ok,contained,0.18833661060368512,0.6816722890520129,2.389753276075468,0.34220893225452714,0.0014448056458559084,False,True,35991,True,3.845167333889417,
blob,static_far,32,5.0,1,ok,contained,0.18202172576183562,0.6967778945035442,2.359104030501343,0.3166915967444186,0.0005812344312205924,False,True,36130,True,2.808156404405713,
blob,static_far,32,5.0,2,ok,contained,0.1849826175841614,0.6963267682714026,2.3616359708463937,0.325195205023746,0.0010550573340367049,False,True,36017,True,3.36329285185671,
blob,static_far,32,20.0,0,ok,degenerate,,,2.4458901562434994,0.3000049240668708,0.7162623989330666,True,False,35991,False,0.0048629676655814,
blob,static_far,32,20.0,1,ok,degenerate,,,2.4245136942751904,0.2869375052212758,0.7130916136174924,True,False,36130,False,0.002985762690733396,
blob,static_far,32,20.0,2,ok,degenerate,,,2.4827248990545017,0.31213260485298333,0.7153566371435711,True,False,36017,False,0.00506105480724296,
blob,static_far,32,50.0,0,ok,degenerate,,,2.2828883170990055,0.3048854600678154,0.9231196688060904,True,False,35991,False,1.5405704817119086e-05,
blob,static_far,32,50.0,1,ok,degenerate,,,2.2614246904155824,0.31660104863152144,0.9226681428176031,True,False,36130,False,9.646000341870274e-06,
blob,static_far,32,50.0,2,ok,degenerate,,,2.3648600228186423,0.309648834012454,0.9261182219507454,True,False,36017,False,2.0873420448612285e-05,
blob,bar_bend,4,1.0,0,na_edit_undefined,,,,,,,,,,,,
blob,bar_bend,4,1.0,1,na_edit_undefined,,,,,,,,,,,,
blob,bar_bend,4,1.0,2,na_edit_undefined,,,,,,,,,,,,
blob,bar_bend,4,2.0,0,na_edit_undefined,,,,,,,,,,,,
blob,bar_bend,4,2.0,1,na_edit_undefined,,,,,,,,,,,,
blob,bar_bend,4,2.0,2,na_edit_undefined,,,,,,,,,,,,
blob,bar_bend,4,3.0,0,na_edit_undefined,,,,,,,,,,,,
blob,bar_bend,4,3.0,1,na_edit_undefined,,,,,,,,,,,,
blob,bar_bend,4,3.0,2,na_edit_undefined,,,,,,,,,,,,
blob,bar_bend,4,5.0,0,na_edit_undefined,,,,,,,,,,,,
blob,bar_bend,4,5.0,1,na_edit_undefined,,,,,,,,,,,,
blob,bar_bend,4,5.0,2,na_edit_undefined,,,,,,,,,,,,
blob,bar_bend,4,20.0,0,na_edit_undefined,,,,,,,,,,,,
blob,bar_bend,4,20.0,1,na_edit_undefined,,,,,,,,,,,,
blob,bar_bend,4,20.0,2,na_edit_undefined,,,,,,,,,,,,
blob,bar_bend,4,50.0,0,na_edit_undefined,,,,,,,,,,,,
blob,bar_bend,4,50.0,1,na_edit_undefined,,,,,,,,,,,,
blob,bar_bend,4,50.0,2,na_edit_undefined,,,,,,,,,,,,
blob,bar_bend,6,1.0,0,na_edit_undefined,,,,,,,,,,,,
blob,bar_bend,6,1.0,1,na_edit_undefined,,,,,,,,,,,,
blob,bar_bend,6,1.0,2,na_edit_undefined,,,,,,,,,,,,
blob,bar_bend,6,2.0,0,na_edit_undefined,,,,,,,,,,,,
blob,bar_bend,6,2.0,1,na_edit_undefined,,,,,,,,,,,,
blob,bar_bend,6,2.0,2,na_edit_undefined,,,,,,,,,,,,
blob,bar_bend,6,3.0,0,na_edit_undefined,,,,,,,,,,,,
blob,bar_bend,6,3.0,1,na_edit_undefined,,,,,,,,,,,,
blob,bar_bend,6,3.0,2,na_edit_undefined,,,,,,,,,,,,
blob,bar_bend,6,5.0,0,na_edit_undefined,,,,,,,,,,,,
blob,bar_bend,6,5.0,1,na_edit_undefined,,,,,,,,,,,,
blob,bar_bend,6,5.0,2,na_edit_undefined,,,,,,,,,,,,
blob,bar_bend,6,20.0,0,na_edit_undefined,,,,,,,,,,,,
blob,bar_bend,6,20.0,1,na_edit_undefined,,,,,,,,,,,,
blob,bar_bend,6,20.0,2,na_edit_undefined,,,,,,,,,,,,
blob,bar_bend,6,50.0,0,na_edit_undefined,,,,,,,,,,,,
blob,bar_bend,6,50.0,1,na_edit_undefined,,,,,,,,,,,,
blob,bar_bend,6,50.0,2,na_edit_undefined,,,,,,,,,,,,
blob,bar_bend,8,1.0,0,na_edit_undefined,,,,,,,,,,,,
blob,bar_bend,8,1.0,1,na_edit_undefined,,,,,,,,,,,,
blob,bar_bend,8,1.0,2,na_edit_undefined,,,,,,,,,,,,
blob,bar_bend,8,2.0,0,na_edit_undefined,,,,,,,,,,,,
blob,bar_bend,8,2.0,1,na_edit_undefined,,,,,,,,,,,,
blob,bar_bend,8,2.0,2,na_edit_undefined,,,,,,,,,,,,
blob,bar_bend,8,3.0,0,na_edit_undefined,,,,,,,,,,,,
blob,bar_bend,8,3.0,1,na_edit_undefined,,,,,,,,,,,,
blob,bar_bend,8,3.0,2,na_edit_undefined,,,,,,,,,,,,
blob,bar_bend,8,5.0,0,na_edit_undefined,,,,,,,,,,,,
blob,bar_bend,8,5.0,1,na_edit_undefined,,,,,,,,,,,,
blob,bar_bend,8,5.0,2,na_edit_undefined,,,,,,,,,,,,
blob,bar_bend,8,20.0,0,na_edit_undefined,,,,,,,,,,,,
blob,bar_bend,8,20.0,1,na_edit_undefined,,,,,,,,,,,,
blob,bar_bend,8,20.0,2,na_edit_undefined,,,,,,,,,,,,
blob,bar_bend,8,50.0,0,na_edit_undefined,,,,,,,,,,,,
blob,bar_bend,8,50.0,1,na_edit_undefined,,,,,,,,,,,,
blob,bar_bend,8,50.0,2,na_edit_undefined,,,,,,,,,,,,
blob,bar_bend,12,1.0,0,na_edit_undefined,,,,,,,,,,,,
blob,bar_bend,12,1.0,1,na_edit_undefined,,,,,,,,,,,,
blob,bar_bend,12,1.0,2,na_edit_undefined,,,,,,,,,,,,
blob,bar_bend,12,2.0,0,na_edit_undefined,,,,,,,,,,,,
blob,bar_bend,12,2.0,1,na_edit_undefined,,,,,,,,,,,,
blob,bar_bend,12,2.0,2,na_edit_undefined,,,,,,,,,,,,
blob,bar_bend,12,3.0,0,na_edit_undefined,,,,,,,,,,,,
blob,bar_bend,12,3.0,1,na_edit_undefined,,,,,,,,,,,,
blob,bar_bend,12,3.0,2,na_edit_undefined,,,,,,,,,,,,
blob,bar_bend,12,5.0,0,na_edit_undefined,,,,,,,,,,,,
blob,bar_bend,12,5.0,1,na_edit_undefined,,,,,,,,,,,,
blob,bar_bend,12,5.0,2,na_edit_undefined,,,,,,,,,,,,
blob,bar_bend,12,20.0,0,na_edit_undefined,,,,,,,,,,,,
blob,bar_bend,12,20.0,1,na_edit_undefined,,,,,,,,,,,,
blob,bar_bend,12,20.0,2,na_edit_undefined,,,,,,,,,,,,
blob,bar_bend,12,50.0,0,na_edit_undefined,,,,,,,,,,,,
blob,bar_bend,12,50.0,1,na_edit_undefined,,,,,,,,,,,,
blob,bar_bend,12,50.0,2,na_edit_undefined,,,,,,,,,,,,
blob,bar_bend,16,1.0,0,na_edit_undefined,,,,,,,,,,,,
blob,bar_bend,16,1.0,1,na_edit_undefined,,,,,,,,,,,,
blob,bar_bend,16,1.0,2,na_edit_undefined,,,,,,,,,,,,
blob,bar_bend,16,2.0,0,na_edit_undefined,,,,,,,,,,,,
blob,bar_bend,16,2.0,1,na_edit_undefined,,,,,,,,,,,,
blob,bar_bend,16,2.0,2,na_edit_undefined,,,,,,,,,,,,
blob,bar_bend,16,3.0,0,na_edit_undefined,,,,,,,,,,,,
blob,bar_bend,16,3.0,1,na_edit_undefined,,,,,,,,,,,,
blob,bar_bend,16,3.0,2,na_edit_undefined,,,,,,,,,,,,
blob,bar_bend,16,5.0,0,na_edit_undefined,,,,,,,,,,,,
blob,bar_bend,16,5.0,1,na_edit_undefined,,,,,,,,,,,,
blob,bar_bend,16,5.0,2,na_edit_undefined,,,,,,,,,,,,
blob,bar_bend,16,20.0,0,na_edit_undefined,,,,,,,,,,,,
blob,bar_bend,16,20.0,1,na_edit_undefined,,,,,,,,,,,,
blob,bar_bend,16,20.0,2,na_edit_undefined,,,,,,,,,,,,
blob,bar_bend,16,50.0,0,na_edit_undefined,,,,,,,,,,,,
blob,bar_bend,16,50.0,1,na_edit_undefined,,,,,,,,,,,,
blob,bar_bend,16,50.0,2,na_edit_undefined,,,,,,,,,,,,
blob,bar_bend,32,1.0,0,na_edit_undefined,,,,,,,,,,,,
blob,bar_bend,32,1.0,1,na_edit_undefined,,,,,,,,,,,,
blob,bar_bend,32,1.0,2,na_edit_undefined,,,,,,,,,,,,
blob,bar_bend,32,2.0,0,na_edit_undefined,,,,,,,,,,,,
blob,bar_bend,32,2.0,1,na_edit_undefined,,,,,,,,,,,,
blob,bar_bend,32,2.0,2,na_edit_undefined,,,,,,,,,,,,
blob,bar_bend,32,3.0,0,na_edit_undefined,,,,,,,,,,,,
blob,bar_bend,32,3.0,1,na_edit_undefined,,,,,,,,,,,,
blob,bar_bend,32,3.0,2,na_edit_undefined,,,,,,,,,,,,
blob,bar_bend,32,5.0,0,na_edit_undefined,,,,,,,,,,,,
blob,bar_bend,32,5.0,1,na_edit_undefined,,,,,,,,,,,,
blob,bar_bend,32,5.0,2,na_edit_undefined,,,,,,,,,,,,
blob,bar_bend,32,20.0,0,na_edit_undefined,,,,,,,,,,,,
blob,bar_bend,32,20.0,1,na_edit_undefined,,,,,,,,,,,,
blob,bar_bend,32,20.0,2,na_edit_undefined,,,,,,,,,,,,
blob,bar_bend,32,50.0,0,na_edit_undefined,,,,,,,,,,,,
blob,bar_bend,32,50.0,1,na_edit_undefined,,,,,,,,,,,,
blob,bar_bend,32,50.0,2,na_edit_undefined,,,,,,,,,,,,
